key,input,mw
BFUUJUGQJUTPAF-UHFFFAOYSA-N,CCCOc1ccc(C(=O)OCCN(CC)CC)cc1N.Cl,330.85599999999994
GELJVTSEGKGLDF-QDSMGTAFSA-N,O=C(O)/C=C/C(=O)O.O=C1Cc2c(ccc3c2O[C@@H](CNCc2ccccc2)CO3)N1,426.4250000000001
DMRIPASJCJRBMV-UHFFFAOYSA-N,O.O.O.O=C(c1ccc(NS(=O)(=O)c2cccc3cccnc23)cc1)N1CCN(CC2CC2)CC1.O=C(c1ccc(NS(=O)(=O)c2cccc3cccnc23)cc1)N1CCN(CC2CC2)CC1.O=S(=O)(O)O,1053.2519999999997
LSQZJLSUYDQPKJ-NJBDSQKTSA-N,CC1(C)S[C@@H]2[C@H](NC(=O)[C@H](N)c3ccc(O)cc3)C(=O)N2[C@H]1C(=O)O,365.4110000000001
QKPLRMLTKYXDST-NSEZLWDYSA-N,Cl.N[C@H]1C(O)O[C@H](CO)[C@@H](O)[C@@H]1O,215.63299999999998
KZLNXGBVFTWMPS-UHFFFAOYSA-N,CCN(CC)C(=O)C1CN2CCc3cc(OC)c(OC)cc3C2CC1OC(C)=O.Cl,440.96800000000013
NOJBHZIZNPMQRT-CBASKZFISA-N,Cc1cc(-c2ccccc2[C@@H](C)OC[C@H](O)CNC(C)(C)Cc2ccc(Cl)c(F)c2)ccc1C(=O)O.Cc1cc(-c2ccccc2[C@@H](C)OC[C@H](O)CNC(C)(C)Cc2ccc(Cl)c(F)c2)ccc1C(=O)O.O.O=S(=O)(O)O,1144.1680000000001
LTINPJMVDKPJJI-UHFFFAOYSA-N,CC(I)C1OCC(CO)O1,258.055
UWHCWRQFNKUYCG-QUZACWSFSA-N,CC[C@H](C)[C@@H]1C(=O)N[C@H](C2Cc3ccccc3C2)C(=O)N1[C@@H](C(=O)N1CCOCC1)c1ccc(C)nc1C,518.6580000000004
JJOFNSLZHKIJEV-UHFFFAOYSA-N,N#Cc1cc(NC(=O)C(=O)O)c(Cl)c(NC(=O)C(=O)O)c1.NC(CO)(CO)CO.NC(CO)(CO)CO,553.9090000000004
PIUZYOCNZPYXOA-ZHHJOTBYSA-N,C[C@H](CCCC(C)(C)O)[C@H]1CC[C@H]2[C@@H]3CC=C4C[C@@H](OS(=O)(=O)O)CC[C@]4(C)[C@H]3CC[C@]12C,482.7270000000003
OPZFMLLAJBIKAN-YSBZUPOXSA-N,CO[C@H]1/C=C/O[C@@]2(C)Oc3c(C)c(O)c4c(O)c(c(/C=N/N5CCC(N(C)C6([C@@H]7CCN(c8c(F)cn9c(=O)c(C(=O)O)cc(C%10CC%10)c9c8C)C7)CC6)CC5)c(O)c4c3C2=O)NC(=O)/C(C)=C\C=C\[C@H](C)[C@H](O)[C@@H](C)[C@@H](O)[C@H](C)[C@H](OC(C)=O)[C@H]1C,1205.3879999999992
PHZLMBHDXVLRIX-UHFFFAOYSA-M,CC(O)C(=O)[O-].[K+],128.168
XJFMHMFFBSOEPR-DNZQAUTHSA-N,Nc1nc(N/N=C/C2CCCCC2)nc2c1ncn2[C@@H]1O[C@H](CO)[C@@H](O)[C@H]1O,391.432
FWIDBLDKHORZBP-UHFFFAOYSA-N,Cc1cc(C)c2nc(-c3cnc(NCCCC4CCN(C)CC4)nc3C)[nH]c2c1.Cc1cc(C)c2nc(-c3cnc(NCCCC4CCN(C)CC4)nc3C)[nH]c2c1.O=C(O)C(O)C(O)C(=O)O,935.1879999999998
BHQCQFFYRZLCQQ-OELDTZBJSA-N,C[C@H](CCC(=O)O)[C@H]1CC[C@H]2[C@@H]3[C@H](O)C[C@@H]4C[C@H](O)CC[C@]4(C)[C@H]3C[C@H](O)[C@]12C,408.5790000000002
OPXKTCUYRHXSBK-UHFFFAOYSA-N,CC(C)(C)NCC(O)c1cc(Cl)c(N)c(Cl)c1.Cl,313.656
WZPBZJONDBGPKJ-VEHQQRBSSA-N,C[C@H]1[C@H](NC(=O)/C(=N\OC(C)(C)C(=O)O)c2csc(N)n2)C(=O)N1S(=O)(=O)O,435.44000000000017
OJGDCBLYJGHCIH-UHFFFAOYSA-N,CN(Cc1cc(Br)cc(Br)c1N)C1CCCCC1,376.13600000000025
HIIJZYSUEJYLMX-UHFFFAOYSA-N,O=[N+]([O-])c1nccn1CC(O)CF,189.146
LUZRJRNZXALNLM-JGRZULCMSA-N,CN1C[C@H](C(=O)N[C@]2(C)O[C@@]3(O)[C@@H]4CCCN4C(=O)[C@H](Cc4ccccc4)N3C2=O)C[C@@H]2c3cccc4[nH]cc(c34)C[C@H]21,583.6890000000001
FKNQFGJONOIPTF-UHFFFAOYSA-N,[Na+],22.99
OEKWJQXRCDYSHL-FNOIDJSQSA-N,CCCSc1nc(N[C@@H]2C[C@H]2c2ccc(F)c(F)c2)c2nnn([C@@H]3C[C@H](OCCO)[C@@H](O)[C@H]3O)c2n1,522.5780000000002
FKNQFGJONOIPTF-UHFFFAOYSA-N,[Na+],22.99
FSVJFNAIGNNGKK-KRWDZBQOSA-N,O=C(C1CCCCC1)N1CC(=O)N2CCc3ccccc3[C@@H]2C1,312.41300000000007
CDBRNDSHEYLDJV-FVGYRXGTSA-M,COc1ccc2cc([C@H](C)C(=O)[O-])ccc2c1.[Na+],252.24499999999998
NQPDXQQQCQDHHW-UHFFFAOYSA-N,CSc1nc2cc(Cl)c(Oc3cccc(Cl)c3Cl)cc2[nH]1,359.665
WQABCVAJNWAXTE-UHFFFAOYSA-N,OCC(S)CS,124.23
HZLAWYIBLZNRFZ-VXGBXAGGSA-N,O=C(O)[C@H]1CCCN1C(=O)CCCCC(=O)N1CCC[C@@H]1C(=O)O,340.3760000000001
NJMYODHXAKYRHW-DVZOWYKESA-N,OCCN1CCN(CC/C=C2/c3ccccc3Sc3ccc(C(F)(F)F)cc32)CC1,434.52700000000016
LTXREWYXXSTFRX-QGZVFWFLSA-N,CC#CCn1c(N2CCC[C@@H](N)C2)nc2c1c(=O)n(Cc1nc(C)c3ccccc3n1)c(=O)n2C,472.5530000000002
FKNQFGJONOIPTF-UHFFFAOYSA-N,[Na+],22.99
YFIZRWPXUYFCSN-UHFFFAOYSA-N,CCCc1c(OCCCOc2cc(O)c(-c3ccc(F)cc3)cc2CC)cccc1Oc1ccccc1C(=O)O,544.6190000000004
KSRLIXGNPXAZHD-HAZZGOGXSA-M,O=C1CN(/N=C/c2ccc(-c3ccc([N+](=O)[O-])cc3)o2)C(=O)[N-]1.[Na+],336.23900000000003
DHSUYTOATWAVLW-WFVMDLQDSA-N,CC1(C)C[C@@H]1C(=O)N/C(=C\CCCCSC[C@H](N)C(=O)O)C(=O)O,358.46000000000004
UJLAWZDWDVHWOW-YPMHNXCESA-N,C[C@@H]1CCN(C(=O)CC#N)C[C@@H]1N(C)c1ncnc2[nH]ccc12,312.377
WCWUXEGQKLTGDX-LLVKDONJSA-N,Cc1cc2c(F)c(Oc3ncnn4cc(OC[C@@H](C)O)c(C)c34)ccc2[nH]1,370.3840000000001
FKNQFGJONOIPTF-UHFFFAOYSA-N,[Na+],22.99
GUGHGUXZJWAIAS-QQYBVWGSSA-N,COc1cccc2c1C(=O)c1c(O)c3c(c(O)c1C2=O)C[C@@](O)(C(C)=O)C[C@@H]3O[C@H]1C[C@H](N)[C@H](O)[C@H](C)O1.Cl,563.9870000000003
FKNQFGJONOIPTF-UHFFFAOYSA-N,[Na+],22.99
IZJRISIINLJVBU-UHFFFAOYSA-N,CCCCOCCOC(=O)c1cccnc1,223.27200000000002
ICMWWNHDUZJFDW-DHODBPELSA-N,C[C@]12C/C(=C/O)C(=O)C[C@@H]1CC[C@@H]1[C@@H]2CC[C@@]2(C)[C@H]1CC[C@]2(C)O,332.4840000000001
ZXOCGDDVNPDRIW-NHFZGCSJSA-N,CCc1ccc(Cc2ccc3c(c2)[C@]2(OC3)O[C@H](CO)[C@@H](O)[C@H](O)[C@H]2O)cc1.O,404.459
XEFQLINVKFYRCS-UHFFFAOYSA-N,Oc1cc(Cl)ccc1Oc1ccc(Cl)cc1Cl,289.54499999999996
QPCVHQBVMYCJOM-UHFFFAOYSA-N,CCCOC(C(=O)OC1CCN(C)CC1)(c1ccccc1)c1ccccc1,367.489
MPBVHIBUJCELCL-UHFFFAOYSA-N,CCCCCN(C)CCC(O)(P(=O)(O)O)P(=O)(O)O,319.23100000000005
HLFSDGLLUJUHTE-SNVBAGLBSA-N,c1ccc([C@H]2CN3CCSC3=N2)cc1,204.298
BWPIARFWQZKAIA-UHFFFAOYSA-N,CNCCCC1c2ccccc2C=Cc2ccccc21,263.384
DHMQDGOQFOQNFH-UHFFFAOYSA-N,NCC(=O)O,75.067
JUUFBMODXQKSTD-UHFFFAOYSA-N,CCOC(=O)Nc1ccc(NCc2ccc(F)cc2)nc1N,304.32500000000005
TZFWDZFKRBELIQ-UHFFFAOYSA-N,O=c1[nH]c2cc(Cl)ccc2o1,169.56699999999998
KGSXMPPBFPAXLY-UHFFFAOYSA-N,CCOc1nc2cccc(C(=O)O)c2n1Cc1ccc(-c2ccccc2-c2noc(=O)[nH]2)cc1,456.45800000000014
QIVBCDIJIAJPQS-VIFPVBQESA-N,N[C@@H](Cc1c[nH]c2ccccc12)C(=O)O,204.22899999999998
KZVVGZKAVZUACK-BJILWQEISA-N,Cc1cc(/C=C/C#N)cc(C)c1Nc1ccnc(Nc2ccc(C#N)cc2)n1.Cl,402.88900000000007
TVURRHSHRRELCG-UHFFFAOYSA-N,Oc1ccc(C2CNCCc3c2cc(O)c(O)c3Cl)cc1,305.76099999999997
SDEAXTCZPQIFQM-UHFFFAOYSA-N,Cc1cc(Nc2ncnc3ccc(NC4=NC(C)(C)CO4)cc23)ccc1Oc1ccn2ncnc2c1,480.53200000000027
SMNOERSLNYGGOU-UHFFFAOYSA-N,CN(CC1(C)CCCO1)S(=O)(=O)c1ccc(Cl)c(S(N)(=O)=O)c1,382.89100000000013
RVAQIUULWULRNW-UHFFFAOYSA-N,CC(C)c1cc(-c2n[nH]c(=O)n2-c2ccc3c(ccn3C)c2)c(O)cc1O,364.4050000000001
MQZIGYBFDRPAKN-UWFIBFSHSA-N,CC1=C(/C=C/C(C)=C/C=C/C(C)=C/C=C/C=C(C)/C=C/C=C(C)/C=C/C2=C(C)C(=O)[C@@H](O)CC2(C)C)C(C)(C)C[C@H](O)C1=O,596.8520000000003
YXSLJKQTIDHPOT-LJCJQEJUSA-N,COc1ccc(C[C@@H]2c3cc(OC)c(OC)cc3CC[N@+]2(C)CCC(=O)OCCCCCOC(=O)CC[N@@+]2(C)CCc3cc(OC)c(OC)cc3[C@H]2Cc2ccc(OC)c(OC)c2)cc1OC,929.161
ILSOAHPXYZRFBA-UHFFFAOYSA-N,C[n+]1ccc(C(=O)NCc2ccccc2)cc1.[I-],354.19100000000003
JQOFKKWHXGQABB-UHFFFAOYSA-N,COc1cccc(-c2nccc3[nH]c(=O)c(-c4noc(C)n4)cc23)c1,334.3350000000001
ANJTVLIZGCUXLD-DTWKUNHWSA-N,O=c1cccc2n1C[C@@H]1CNC[C@H]2C1,190.24599999999998
BRUQQQPBMZOVGD-XFKAJCMBSA-N,COc1ccc2c3c1O[C@H]1C(=O)CC[C@@]4(O)[C@@H](C2)N(C)CC[C@]314,315.3690000000001
FKNQFGJONOIPTF-UHFFFAOYSA-N,[Na+],22.99
ZPMKQFOGINQDAM-UHFFFAOYSA-N,C[N+](C)([O-])CCC=C1c2ccccc2CCc2ccccc21,293.41
ZHBJMVNZRZUQEP-KIKMAQITSA-L,CC(C)[C@]12O[C@H]1[C@@H]1O[C@]13[C@]1(O[C@H]1C[C@H]1C4=C(CC[C@@]13C)C(=O)OC4)[C@@H]2OCOP(=O)([O-])[O-].[Na+].[Na+],514.3750000000002
HUNGUWOZPQBXGX-UHFFFAOYSA-N,O=C(Cc1ccc(-c2ccc(OCCN3CCOCC3)cc2)cn1)NCc1ccccc1,431.5360000000001
SFPFZQKYPOWCSI-KHFYHRBSSA-N,CC(C)OC(=O)[C@@H](C)N[P@@](=O)(OC[C@H]1O[C@@H](n2ccc(=O)[nH]c2=O)[C@](C)(Cl)[C@@H]1O)Oc1ccccc1,545.9130000000002
FDKXTQMXEQVLRF-ZHACJKMWSA-N,CN(C)/N=N/c1[nH]cnc1C(N)=O,182.18699999999998
CHNXZKVNWQUJIB-CEGNMAFCSA-N,C#C[C@]1(O)CC[C@H]2[C@@H]3CCC4=CC(=O)CC[C@]4(C)[C@H]3CC[C@@]21C,312.4530000000001
PXJBHEHFVQVDDS-UHFFFAOYSA-N,CC1=CN2CCS(=O)(=O)N=C2C(c2ccc(OC3CCCCC3)cc2)=N1,373.47800000000024
FKNQFGJONOIPTF-UHFFFAOYSA-N,[Na+],22.99
UFKLYTOEMRFKAD-SHTZXODSSA-N,CO[C@H]1CC[C@H](N2C(=O)CNc3ncc(-c4ccc(C(C)(C)O)nc4)nc32)CC1,397.4790000000002
RYYVLZVUVIJVGH-UHFFFAOYSA-N,Cn1c(=O)c2c(ncn2C)n(C)c1=O,194.194
IJHNSHDBIRRJRN-UHFFFAOYSA-N,CN(C)CCC(c1ccccc1)c1ccccn1,240.35000000000002
LJVNRPAERZRHDF-UHFFFAOYSA-N,C/N=C(\N)N(C)C(=N)N,129.167
MQJKPEGWNLWLTK-UHFFFAOYSA-N,Nc1ccc(S(=O)(=O)c2ccc(N)cc2)cc1,248.30700000000002
MWQCHHACWWAQLJ-UHFFFAOYSA-N,O=C1CN=C(c2ccccc2)c2cc(Cl)ccc2N1CC1CC1,324.8110000000001
FDLYAMZZIXQODN-UHFFFAOYSA-N,O=C(c1cc(Cc2n[nH]c(=O)c3ccccc23)ccc1F)N1CCN(C(=O)C2CC2)CC1,434.47100000000034
ZQSIJRDFPHDXIC-UHFFFAOYSA-N,O=c1c(-c2ccc(O)cc2)coc2cc(O)ccc12,254.24099999999999
WHBIGIKBNXZKFE-UHFFFAOYSA-N,CC(C)Nc1cccnc1N1CCN(C(=O)c2cc3cc(NS(C)(=O)=O)ccc3[nH]2)CC1,456.5720000000002
FKNQFGJONOIPTF-UHFFFAOYSA-N,[Na+],22.99
FKNQFGJONOIPTF-UHFFFAOYSA-N,[Na+],22.99
IOVGROKTTNBUGK-UHFFFAOYSA-N,CC(NCCc1ccc(O)cc1)C(O)c1ccc(O)cc1,287.35900000000004
SXWHYTICXCLKDG-GFCCVEGCSA-N,C[C@@H](Oc1nnc(-c2ccncc2)n1C)c1cc(-c2cccc(Cl)c2)on1,381.82300000000004
MYMOFIZGZYHOMD-UHFFFAOYSA-N,O=O,31.998
PUUSSSIBPPTKTP-UHFFFAOYSA-N,NCCCCCC(O)(P(=O)(O)O)P(=O)(O)O,277.15
PIEXSEDEFNIKCT-UHFFFAOYSA-N,O.O=[Si]([O-])[O-].O=[Si]([O-])[O-].O=[Si]([O-])[O-].O=[Si]([O-])[O-].[Al+3].[Al+3].[Mg+2],400.61600000000004
GTNDZRUWKHDICY-DJHAJVGHSA-N,CCCCCCCCCCCCCCCC(=O)O[C@@H]1[C@@H](O)[C@@H](O)[C@@H]([C@H](NC(=O)[C@@H]2C[C@@H](CCC)CN2C)[C@H](C)Cl)O[C@@H]1SC.Cl,699.8670000000002
TYBARJRCFHUHSN-DMJRSANLSA-N,C[C@@H]1O[C@@H](O[C@H]2C[C@@H](O)[C@]3(CO)[C@H]4[C@H](O)C[C@]5(C)[C@@H](C6=CC(=O)OC6)CC[C@]5(O)[C@@H]4CC[C@]3(O)C2)[C@H](O)[C@H](O)[C@H]1O.O.O.O.O.O.O.O.O,728.7790000000005
BOVGTQGAOIONJV-UHFFFAOYSA-N,Cc1ccc(S(=O)(=O)NC(=O)NN2CC3CCCC3C2)cc1,323.4180000000001
LEHOTFFKMJEONL-UHFFFAOYSA-N,Oc1nc(O)c2nc(O)[nH]c2n1,168.112
GITPCGSPKUQZTE-UHFFFAOYSA-N,CCCOc1cc(N)ccc1C(=O)OCCN(CC)CC.Cl,330.85600000000005
XMEVHPAGJVLHIG-FMZCEJRJSA-N,CN(C)[C@@H]1C(O)=C(C(N)=O)C(=O)[C@@]2(O)C(O)=C3C(=O)c4c(O)cccc4[C@@](C)(O)[C@H]3C[C@@H]12.Cl,480.9010000000001
KAAZGXDPUNNEFN-UHFFFAOYSA-N,CN1CCN(C2=Nc3ccccc3Sc3ccc(Cl)cc32)CC1,343.8830000000001
XHILEZUETWRSHC-NRGUFEMZSA-N,CN1CC[C@]23c4c5ccc(O)c4O[C@H]2C(=O)CC[C@H]3[C@H]1C5.Cl,321.8039999999999
JWHAUXFOSRPERK-UHFFFAOYSA-N,CCCNCC(O)COc1ccccc1C(=O)CCc1ccccc1,341.4510000000001
IQFYYKKMVGJFEH-XLPZGREQSA-N,Cc1cn([C@H]2C[C@H](O)[C@@H](CO)O2)c(=O)[nH]c1=O,242.23099999999997
FKNQFGJONOIPTF-UHFFFAOYSA-N,[Na+],22.99
BMQGVNUXMIRLCK-OAGWZNDDSA-N,CO[C@H]1C(=O)[C@]2(C)[C@@H](OC)C[C@H]3OC[C@@]3(OC(C)=O)[C@H]2[C@H](OC(=O)c2ccccc2)[C@]2(O)C[C@H](OC(=O)[C@H](O)[C@@H](NC(=O)OC(C)(C)C)c3ccccc3)C(C)=C1C2(C)C,835.944
FFINMCNLQNTKLU-UHFFFAOYSA-N,O=C(CCCCC(=O)Nc1c(I)cc(I)c(C(=O)O)c1I)Nc1c(I)cc(I)c(C(=O)O)c1I,1139.7640000000001
UFNVPOGXISZXJD-JBQZKEIOSA-N,C=C1C[C@@H]2CC[C@@]34C[C@H]5O[C@H]6[C@@H](O3)[C@H]3O[C@H](CC[C@@H]3O[C@H]6[C@H]5O4)CC(=O)C[C@@H]3[C@@H](OC)[C@@H](C[C@H](O)CN)O[C@H]3C[C@H]3O[C@@H](CC[C@@H]1O2)C[C@@H](C)C3=C,729.9079999999999
UOCLXMDMGBRAIB-UHFFFAOYSA-N,CC(Cl)(Cl)Cl,133.405
FKNQFGJONOIPTF-UHFFFAOYSA-N,[Na+],22.99
LZMJNVRJMFMYQS-UHFFFAOYSA-N,C=CC(=O)Nc1cccc(Oc2nc(Nc3ccc(N4CCN(C)CC4)cc3)nc3ccoc23)c1,470.5330000000003
WTYGAUXICFETTC-UHFFFAOYSA-N,CCC1(C2=CCCCC2)C(=O)NC(=O)NC1=O,236.271
KEEBLYWBELVGPQ-UHFFFAOYSA-N,COc1cc(OCc2csc(-c3ccc(C(=O)N(C)C)cc3)n2)c2cc(-c3cn4nc(OC)sc4n3)oc2c1,561.6450000000002
FKNQFGJONOIPTF-UHFFFAOYSA-N,[Na+],22.99
VGDDOIZXGFJDRC-VJTSUQJLSA-N,COc1cc(N)c(Cl)cc1C(=O)N[C@@H]1CCN(CCCCCC(=O)O[C@H]2CN3CCC2CC3)C[C@@H]1OC,537.1010000000006
FVNFBBAOMBJTST-UHFFFAOYSA-N,O=C1NCC2(CCN(CCc3ccccc3)CC2)O1,260.337
MBMBGCFOFBJSGT-KUBAVDMBSA-N,CC/C=C\C/C=C\C/C=C\C/C=C\C/C=C\C/C=C\CCC(=O)O,328.4960000000001
ROAIXOJGRFKICW-UHFFFAOYSA-N,C1N2CN3CN1CN(C2)C3.O=C(O)CNC(=O)c1ccccc1,319.365
AUYYCJSJGJYCDS-LBPRGKRZSA-N,N[C@@H](Cc1cc(I)c(Oc2ccc(O)c(I)c2)c(I)c1)C(=O)O,650.9760000000001
RBSGUQYXRDKPAE-QFIPXVFZSA-N,CC(C)(Cc1ccc(Oc2ccc(C(N)=O)cn2)cc1)NC[C@H](O)COc1cccc2[nH]c3ccccc3c12,524.6210000000001
YUKARLAABCGMCN-PKLMIRHRSA-N,Cc1ccsc1C(=CCCN1CCC[C@@H](C(=O)O)C1)c1sccc1C.Cl,412.02000000000004
KGMPDQIYDKKXRD-UHFFFAOYSA-N,COCc1nn(Cc2ccc(Cn3ccccc3=O)cc2)cc1C(=O)NCc1nccc(OC)c1F,491.52300000000025
JHFNIHVVXRKLEF-DCZLAGFPSA-N,Cn1c(N)c(NC(=O)NCCN)c[n+]1CC1=C(C(=O)O)N2C(=O)[C@@H](NC(=O)/C(=N\OC(C)(C)C(=O)[O-])c3nsc(N)n3)[C@H]2SC1,666.703
AQRLDDAFYYAIJP-UHFFFAOYSA-N,N#Cc1c[nH]c2c(C(=O)N3CCN(CCc4ccc(F)cc4)CC3)cccc12,376.43500000000006
NSKJTUFFDRENDM-UHFFFAOYSA-N,NCCS.O=C(O)C(O)C(O)C(=O)O,227.238
FKNQFGJONOIPTF-UHFFFAOYSA-N,[Na+],22.99
JYJTVFIEFKZWCJ-UHFFFAOYSA-N,CC1CCc2c(N3CCC(O)CC3)c(F)cc3c(=O)c(C(=O)O)cn1c23,360.3850000000001
UIEATEWHFDRYRU-UHFFFAOYSA-N,CC(C)COCC(CN(Cc1ccccc1)c1ccccc1)N1CCCC1,366.5490000000002
XPOQHMRABVBWPR-ZDUSSCGKSA-N,O=C1Nc2ccc(Cl)cc2[C@@](C#CC2CC2)(C(F)(F)F)O1,315.67799999999994
FKNQFGJONOIPTF-UHFFFAOYSA-N,[Na+],22.99
VCRGLZYPNNAVRP-JTQLQIEISA-N,CC1(C)CCC(NC(=O)[C@@H](N)CCC(=O)O)CC1,256.34599999999995
VKHAHZOOUSRJNA-GCNJZUOMSA-N,CC#C[C@]1(O)CC[C@H]2[C@@H]3CCC4=CC(=O)CCC4=C3[C@@H](c3ccc(N(C)C)cc3)C[C@@]21C,429.6040000000001
SCMLRESZJCKCTC-KMYQRJGFSA-N,CCSCc1ccc2c(c1)c1c3c(c4c5cc(CSCC)ccc5n5c4c1n2[C@H]1C[C@](O)(C(=O)OC)[C@]5(C)O1)CNC3=O,615.7770000000002
KLEAIHJJLUAXIQ-JDRGBKBRSA-N,CCc1c2c(nc3ccc(OC(=O)N4CCC(N5CCCCC5)CC4)cc13)-c1cc3c(c(=O)n1C2)COC(=O)[C@]3(O)CC.Cl.O.O.O,677.1950000000004
KTBSXLIQKWEBRB-UHFFFAOYSA-N,N#CCC1(n2cc(-c3ncnc4[nH]ccc34)cn2)CN(C2CCN(C(=O)c3ccnc(C(F)(F)F)c3F)CC2)C1,553.524
XVFJONKUSLSKSW-JTQLQIEISA-N,C#CCO[C@H]1CN2CCC1CC2,165.236
RZVPBGBYGMDSBG-GGAORHGYSA-N,COC(=O)OCOc1c2n(ccc1=O)N([C@@H]1c3ccccc3SCc3c1ccc(F)c3F)[C@@H]1COCCN1C2=O,571.5580000000001
KEJXLQUPYHWCNM-UHFFFAOYSA-N,CCCOC(=O)Cc1ccc(OCC(=O)N(CC)CC)c(OC)c1,337.41600000000005
ZJXIUGNEAIHSBI-IBGZPJMESA-N,Cc1nc(C(=O)N2CCCC[C@H]2CNC(=O)c2cccc3occc23)c(-c2ccc(F)cc2)s1,477.56100000000015
BNHGKKNINBGEQL-UHFFFAOYSA-M,CCC1(CCC(C)C)C(=O)N=C([O-])NC1=O.[Na+],248.25799999999998
OYFJQPXVCSSHAI-QFPUQLAESA-N,CCOC(=O)[C@H](CCc1ccccc1)N[C@@H](C)C(=O)N1CCC[C@H]1C(=O)O.O=C(O)/C=C\C(=O)O,492.5250000000004
VXYZBLXGCYNIHP-CAGINOIPSA-N,CC(C)(N)CNC(=O)C[C@H]1CC[C@]2(CC1)OO[C@]1(O2)C2CC3CC(C2)CC1C3,392.5400000000002
LFQSCWFLJHTTHZ-UHFFFAOYSA-N,CCO,46.069
FDDDEECHVMSUSB-UHFFFAOYSA-N,Nc1ccc(S(N)(=O)=O)cc1,172.20900000000003
VQWGYPVNVICKFC-UHFFFAOYSA-N,NC(=O)c1cnc2n1CCc1ccccc1C21CCNCC1,296.374
DTXXSJZBSTYZKE-ZDQKKZTESA-N,C=C1/C(=C\C=C2/CCC[C@]3(C)[C@@H]([C@H](C)OCCC(C)(C)O)CC[C@@H]23)C[C@@H](O)C[C@@H]1O,418.61800000000017
IQOWHZHNGJXGHG-UHFFFAOYSA-N,O=C(c1ccc(Oc2ccc(F)cc2)nc1)N1CCCN(C2CCC2)CC1,369.4400000000003
GFRUPHOKLBPHTQ-UHFFFAOYSA-N,CC[N+](C)(CC)CCOC(=O)C(O)(c1ccccc1)C1CCCCC1,348.50700000000023
ZUFQODAHGAHPFQ-UHFFFAOYSA-N,Cc1ncc(CO)c(CO)c1O.Cl,205.64100000000002
ZCGOMHNNNFPNMX-KYTRFIICSA-N,C[C@@H]1CN([C@H]2CC[C@](C#N)(c3ccc(F)cc3)CC2)CC[C@]1(C(=O)O)c1ccccc1,420.5280000000002
FDMQDKQUTRLUBU-UHFFFAOYSA-N,C=CC(=O)Nc1cccc(Oc2nc(Nc3ccc(N4CCN(C)CC4)cc3)nc3ccsc23)c1,486.6010000000003
MEZLKOACVSPNER-GFCCVEGCSA-N,C#CCN(C)[C@H](C)Cc1ccccc1,187.286
CSOBIBXVIYAXFM-BYNJWEBRSA-N,COc1cc2c(cc1OC)-c1c/c(=N\c3c(C)cc(C)cc3C)n(CCNC(N)=O)c(=O)n1CC2,477.56500000000034
PYZRQGJRPPTADH-UHFFFAOYSA-N,Nc1nnc(-c2cccc(Cl)c2Cl)c(N)n1,256.09599999999995
BKJIXTWSNXCKJH-UHFFFAOYSA-N,CN(NC(=O)CC(=O)NN(C)C(=S)c1ccccc1)C(=S)c1ccccc1,400.5290000000001
RVPCEXXEUXIPEO-UHFFFAOYSA-N,CCOC(=O)C1=C(COCCN)NC(C)=C(C(=O)OC)C1c1ccccc1Cl.O=C(O)c1ccccc1,531.0050000000002
WIIZWVCIJKGZOK-RKDXNWHRSA-N,O=C(N[C@H](CO)[C@H](O)c1ccc([N+](=O)[O-])cc1)C(Cl)Cl,323.13199999999995
NFEZZTICAUWDHU-RDTXWAMCSA-N,C=C1CCN([C@H](C)[C@](O)(Cn2cncn2)c2ccc(F)cc2F)CC1,348.3970000000001
QQOBRRFOVWGIMD-OJAKKHQRSA-N,CC(=O)OC[C@H]1O[C@@H](n2ncc(=O)[nH]c2=O)[C@H](OC(C)=O)[C@@H]1OC(C)=O,371.3020000000002
OTZVBZFYMFTYKH-UHFFFAOYSA-N,Nc1sc2c(c1C(=O)c1ccc(Cl)cc1)CCCC2,291.8030000000001
VYLOOGHLKSNNEK-PIIMJCKOSA-N,O=C(O)c1cc(F)c2nc(N3[C@@H]4CC[C@H]3C[C@@H](OCc3c(-c5ccccc5OC(F)(F)F)noc3C3CC3)C4)sc2c1,603.594
JMPOIZCOJJMTHI-UHFFFAOYSA-N,O=C(CCn1cnc2c(=O)[nH]cnc21)Nc1ccc(C(=O)O)cc1,327.3000000000001
KLBQZWRITKRQQV-UHFFFAOYSA-N,CSc1ccc2c(c1)N(CCC1CCCCN1C)c1ccccc1S2,370.587
AAKJLRGGTJKAMG-UHFFFAOYSA-N,C#Cc1cccc(Nc2ncnc3cc(OCCOC)c(OCCOC)cc23)c1,393.4430000000002
GOMNOOKGLZYEJT-UHFFFAOYSA-N,O=c1c(-c2ccccc2)coc2ccccc12,222.24299999999997
IVYPNXXAYMYVSP-UHFFFAOYSA-N,OCc1c[nH]c2ccccc12,147.17699999999996
LWMBPKJYEQGDLN-UHFFFAOYSA-N,C1CNCCN1.C1CNCCN1.C1CNCCN1.O.O=C(O)CC(O)(CC(=O)O)C(=O)O.O=C(O)CC(O)(CC(=O)O)C(=O)O,660.6750000000003
DHRRIBDTHFBPNG-UHFFFAOYSA-L,O.O.O.O.O.O.[Cl-].[Cl-].[Mg+2],203.30100000000002
SHXWCVYOXRDMCX-UHFFFAOYSA-N,CNC(C)Cc1ccc2c(c1)OCO2,193.24599999999995
QUQPHWDTPGMPEX-QJBIFVCTSA-N,COc1ccc([C@@H]2CC(=O)c3c(O)cc(O[C@@H]4O[C@H](CO[C@@H]5O[C@@H](C)[C@H](O)[C@@H](O)[C@H]5O)[C@@H](O)[C@H](O)[C@H]4O)cc3O2)cc1O,610.5650000000002
PAWIYAYFNXQGAP-UHFFFAOYSA-N,Cn1cc(CNCC2CCN(c3ncc(C(=O)NO)cn3)CC2)c2ccccc21,394.47900000000016
RIHNPJLBFJQNRE-UHFFFAOYSA-N,O=C(CCCC(=O)NCCc1ncc[nH]1)NCCc1ncc[nH]1,318.38100000000003
HZQDCMWJEBCWBR-UUOKFMHZSA-N,NC(=O)c1ncn([C@@H]2O[C@H](CO)[C@@H](O)[C@H]2O)c1O,259.218
YVPYQUNUQOZFHG-UHFFFAOYSA-N,CC(=O)Nc1c(I)c(NC(C)=O)c(I)c(C(=O)O)c1I,613.9150000000002
YSEXMKHXIOCEJA-FVFQAYNVSA-N,CO[C@]12C[C@@H](COC(=O)c3cncc(Br)c3)CN(C)[C@@H]1Cc1cn(C)c3cccc2c13,484.39400000000023
HTCJUBZBSJQWBW-CQSZACIVSA-N,CCCC[C@](C)(CO)Nc1nc(N)nc2cc(F)cnc12,293.346
VJYSBPDEJWLKKJ-NLIMODCCSA-N,COC(=O)N[C@H](C(=O)N1CCC[C@H]1c1nc2cc([C@H]3CC[C@H](c4cc5nc([C@@H]6CCCN6C(=O)[C@@H](NC(=O)OC)[C@@H](C)OC)[nH]c5cc4F)N3c3cc(F)c(N4CCC(c5ccc(F)cc5)CC4)c(F)c3)c(F)cc2[nH]1)[C@@H](C)OC,1113.1989999999996
WEIAMZKHBCLFOG-QPAIBFMUSA-N,Cl.O=c1[nH]cnc2c([C@@H]3N[C@H](CO)[C@@H](O)[C@H]3O)c[nH]c12,302.718
OMFXVFTZEKFJBZ-HJTSIMOOSA-N,C[C@]12C[C@H](O)[C@H]3[C@@H](CCC4=CC(=O)CC[C@@]43C)[C@@H]1CC[C@@H]2C(=O)CO,346.46700000000016
KAYRGFYBCCETPE-UHFFFAOYSA-N,CN1C2C(=O)c3ccccc3C1C1=C2C(=O)c2ccccc2C1=O,315.32800000000003
YASAKCUCGLMORW-UHFFFAOYSA-N,CN(CCOc1ccc(CC2SC(=O)NC2=O)cc1)c1ccccn1,357.435
FJCDSQATIJKQKA-UHFFFAOYSA-N,Cc1cccc(-c2[nH]c(CNc3ccccc3F)nc2-c2ccc3ncnn3c2)n1,399.4330000000001
ZISJNXNHJRQYJO-CMDGGOBGSA-N,CC(C)c1c(O)cc(/C=C/c2ccccc2)cc1O,254.329
ILRRQNADMUWWFW-UHFFFAOYSA-K,O=P([O-])([O-])[O-].[Al+3],121.952
XNACDNPGABUBFR-GNPGNDBSSA-N,N=C(N)NCc1cccc([131I])c1.N=C(N)NCc1cccc([131I])c1.O=S(=O)(O)O,656.2692492000003
SKIVFJLNDNKQPD-UHFFFAOYSA-N,CC(=O)NS(=O)(=O)c1ccc(N)cc1,214.246
YJQPYGGHQPGBLI-KGSXXDOSSA-N,CO[C@@H]1[C@@H](OC(N)=O)[C@@H](O)[C@H](Oc2ccc3c(O)c(NC(=O)c4ccc(O)c(CC=C(C)C)c4)c(=O)oc3c2C)OC1(C)C,612.6320000000002
RNFNDJAIBTYOQL-UHFFFAOYSA-N,OC(O)C(Cl)(Cl)Cl,165.403
YLDCUKJMEKGGFI-QCSRICIXSA-N,CC(=O)Nc1ccc(C(=O)O)cc1.CC(=O)Nc1ccc(C(=O)O)cc1.CC(=O)Nc1ccc(C(=O)O)cc1.CC(O)CN(C)C.CC(O)CN(C)C.CC(O)CN(C)C.O=c1[nH]cnc2c1ncn2[C@@H]1O[C@H](CO)[C@@H](O)[C@H]1O,1115.2489999999998
FKNQFGJONOIPTF-UHFFFAOYSA-N,[Na+],22.99
CILBMBUYJCWATM-UDRBCWGGSA-N,CCC1=C[C@@H]2CN(C1)Cc1c([nH]c3ccccc13)[C@@](C(=O)OC)(c1cc3c(cc1OC)N(C)[C@H]1[C@@](O)(C(=O)OC)[C@H](OC(C)=O)[C@]4(CC)C=CCN5CC[C@]31[C@@H]54)C2.O=C(O)C(O)C(O)C(=O)O.O=C(O)C(O)C(O)C(=O)O,1079.1190000000004
TXKOGNLDVKUFSI-WZTVWXICSA-N,CC(=O)Nc1c(I)c(C(=O)O)c(I)c(N(C)C(C)=O)c1I.CNC[C@H](O)[C@@H](O)[C@H](O)[C@H](O)CO,823.1570000000003
AFLDFEASYWNJGX-FOHXBPHZSA-N,CC(C)NC(C)Cc1ccc([123I])cc1.Cl,335.64958899999993
JMHYCBFEEFHTMK-IIUXMCBISA-N,COc1ccc(CCO[C@@H]2CCCC[C@H]2N2CC[C@@H](O)C2)cc1OC.Cl,385.9320000000001
KEJCWVGMRLCZQQ-YJBYXUATSA-N,CO/N=C(\C(=O)N[C@@H]1C(=O)N2C(C(=O)OC(C)OC(C)=O)=C(COC(N)=O)CS[C@H]12)c1ccco1,510.4810000000003
LPEPZBJOKDYZAD-UHFFFAOYSA-N,O=C(O)c1ccccc1Nc1cccc(C(F)(F)F)c1,281.23299999999995
AQTQHPDCURKLKT-JKDPCDLQSA-N,CC[C@]1(O)C[C@H]2CN(CCc3c([nH]c4ccccc34)[C@@](C(=O)OC)(c3cc4c(cc3OC)N(C=O)[C@H]3[C@@](O)(C(=O)OC)[C@H](OC(C)=O)[C@]5(CC)C=CCN6CC[C@]43[C@@H]65)C2)C1.O=S(=O)(O)O,923.051
IRNJSRAGRIZIHD-UHFFFAOYSA-N,CCc1ccc(C(=O)COc2ccc(CC3SC(=O)NC3=O)cc2)nc1,370.43000000000006
QGMRQYFBGABWDR-UHFFFAOYSA-M,CCCC(C)C1(CC)C(=O)N=C([O-])NC1=O.[Na+],248.258
FKNQFGJONOIPTF-UHFFFAOYSA-N,[Na+],22.99
UCMNDPDJRSEZPL-UHFFFAOYSA-N,Cc1nc(N2CCN(C)CC2)c2nc(-c3ccccc3Cl)n(C3CCOCC3)c2n1,426.9520000000003
WRGQSWVCFNIUNZ-MDZDMXLPSA-N,CCCCCCCC/C=C/CCCCCCCC(=O)OCC(O)COP(=O)(O)O,436.52600000000007
IAVUPMFITXYVAF-XPUUQOCRSA-N,CCN[C@H]1C[C@H](C)S(=O)(=O)c2sc(S(N)(=O)=O)cc21,324.44900000000007
WMSYWJSZGVOIJW-ONUALHDOSA-L,COc1cc2c(cc1OC)[C@@H](Cc1cc(OC)c(OC)c(OC)c1)[N+](C)(CCCOC(=O)CC/C=C/CCC(=O)OCCC[N+]1(C)CCc3cc(OC)c(OC)cc3[C@H]1Cc1cc(OC)c(OC)c(OC)c1)CC2.[Cl-].[Cl-],1100.1839999999995
FKNQFGJONOIPTF-UHFFFAOYSA-N,[Na+],22.99
SWRUZBWLEWHWRI-UHFFFAOYSA-N,OC(CCN1CCCCC1)(c1ccccc1)C1CCCC1,287.4470000000001
DDBREPKUVSBGFI-UHFFFAOYSA-N,CCC1(c2ccccc2)C(=O)NC(=O)NC1=O,232.23899999999995
UMUPQWIGCOZEOY-JOCHJYFZSA-N,CC(C)(N)C(=O)N[C@H](COCc1ccccc1)C(=O)N1CCC2(CC1)CN(S(C)(=O)=O)c1ccccc12,528.6750000000004
PUFQVTATUTYEAL-UHFFFAOYSA-N,CCCCOc1cc(C(=O)NCCN(CC)CC)c2ccccc2n1,343.471
SAURKKOJWIFYSR-UHFFFAOYSA-N,Cc1cc2c(-c3ccccc3F)nc(N3CCNCC3)nc2s1.Cl.O,382.89200000000005
ASUGUQWIHMTFJL-QGZVFWFLSA-N,CC[C@@](C)(Nc1ccnc(-c2c[nH]c3ncccc23)n1)C(=O)NCC(F)(F)F,392.38500000000005
GXINKQQWHLIBJA-UCIBKFKQSA-N,COC[C@@H](c1ccc(C(F)(F)F)cc1)N1CCN(C2(C)CCN(C(=O)c3c(C)ncnc3C)CC2)C[C@@H]1C.O=C(O)/C=C\C(=O)O,649.7110000000005
CLDOLNORSLLQDI-OOAIBONUSA-N,CCOC(=O)[C@H](CCc1ccccc1)N[C@@H](C)C(=O)N1CC2(C[C@H]1C(=O)O)SCCS2.Cl,503.0860000000003
XDXHAEQXIBQUEZ-UHFFFAOYSA-N,CCCN(CCC)CCc1cccc2c1CC(=O)N2.Cl,296.8419999999999
ACRHBAYQBXXRTO-OAQYLSRUSA-N,COc1cc2c(cc1OC)CC(=O)N(CCCN(C)C[C@H]1Cc3cc(OC)c(OC)cc31)CC2,468.59400000000034
JDLKFOPOAOFWQN-UHFFFAOYSA-N,C=CCS[S+]([O-])CC=C,162.27899999999997
HRRXCXABAPSOCP-UHFFFAOYSA-N,COc1ccnc(C[S+]([O-])c2nc3cc(-n4cccc4)ccc3[nH]2)c1C,366.4460000000001
RMYZIRFUCOMQRH-CAJLXGCNSA-N,O=C1O[C@]2(CC[C@H](C(=O)Nc3ccn(-c4ccccc4F)n3)CC2)c2cnccc21,406.4170000000002
PLILLUUXAVKBPY-SBIAVEDLSA-N,CC1=NN(c2ccc(C)c(C)c2)C(=O)/C1=N\Nc1cccc(-c2cccc(C(=O)O)c2)c1O.NCCO.NCCO,564.6430000000001
NKHAVTQWNUWKEO-NSCUHMNNSA-N,COC(=O)/C=C/C(=O)O,130.099
PEMUGDMSUDYLHU-ZEQRLZLVSA-N,C=C(F)C(=O)N1CCN(c2nc(OC[C@@H]3CCCN3C)nc3c2CCN(c2cccc4cccc(Cl)c24)C3)C[C@@H]1CC#N,604.1299999999999
BZKPWHYZMXOIDC-UHFFFAOYSA-N,CC(=O)Nc1nnc(S(N)(=O)=O)s1,222.251
REOZWEGFPHTFEI-JKSUJKDBSA-N,C=C(C)[C@@H]1CCC(C)=C[C@H]1c1c(O)cc(CCC)cc1O,286.41499999999996
MTJLQTFHJIHXIX-GDUXWEAWSA-N,COCC(=O)O[C@]1(CCN(C)CCCc2nc3ccccc3[nH]2)CCc2cc(F)ccc2[C@@H]1C(C)C.Cl.Cl,568.5610000000003
IAZDPXIOMUYVGZ-UHFFFAOYSA-N,C[S+](C)[O-],78.136
MEOWKUXNVNJAMY-PZFKGGKESA-N,CC(C)C1=C2[C@H]3CC[C@@H]4[C@@]5(C)CC[C@H](OC(=O)CC(C)(C)C(=O)O)C(C)(C)[C@@H]5CC[C@@]4(C)[C@]3(C)CC[C@@]2([C@@H](O)CN(CCN(C)C)Cc2ccc(Cl)cc2)CC1=O,809.5729999999999
FMRVAGKPRZLTRG-UHFFFAOYSA-N,CCCOC(C(=O)OC1CCNCC1)(c1ccccc1)c1ccccc1,353.462
KCBJGVDOSBKVKP-UHFFFAOYSA-N,CC1(C)C(=O)N(c2ccc(C#N)c(C(F)(F)F)c2F)C(=S)N1c1ccc(CCCc2ncco2)nc1,517.5080000000003
BJDCWCLMFKKGEE-CMDXXVQNSA-N,C[C@H]1[C@@H](O)O[C@@H]2O[C@]3(C)CC[C@H]4[C@H](C)CC[C@@H]1[C@@]24OO3,284.352
MECHNRXZTMCUDQ-RKHKHRCZSA-N,C=C1CC[C@H](O)C/C1=C/C=C1\CCC[C@]2(C)[C@@H]([C@H](C)/C=C/[C@H](C)C(C)C)CC[C@@H]12,396.6590000000001
XPYQFIISZQCINN-QVXDJYSKSA-N,Nc1ccn([C@@H]2O[C@H](CO)[C@@H](O)/C2=C\F)c(=O)n1.O,275.23600000000005
NNRXCKZMQLFUPL-WBMZRJHASA-N,CC[C@H]1OC(=O)[C@H](C)[C@@H](O[C@H]2C[C@@](C)(OC)[C@@H](O)[C@H](C)O2)[C@H](C)[C@@H](O[C@@H]2O[C@H](C)C[C@H](N(C)C)[C@H]2O)[C@](C)(O)C[C@@H](C)C(=O)[C@H](C)[C@@H](O)[C@]1(C)O.O=C(O)[C@H](O)[C@@H](O)[C@H](O[C@@H]1O[C@H](CO)[C@H](O)[C@H](O)[C@H]1O)[C@H](O)CO,1092.2330000000009
WSVLPVUVIUVCRA-ZVYOHNBTSA-N,O.OC[C@H]1O[C@@H](O[C@H]2[C@H](O)[C@@H](O)[C@H](O)O[C@@H]2CO)[C@H](O)[C@@H](O)[C@H]1O,360.312
HZOREEUASZHZBI-UHFFFAOYSA-M,O=C([O-])Cc1ccccc1.[Na+],158.13199999999998
XDJCLCLBSGGNKS-UHFFFAOYSA-N,c1cc(OCCN2CCCCC2)cc(-c2n[nH]c3ccc(-c4nnc[nH]4)cc23)c1,388.4750000000001
GAKMQHDJQHZUTJ-ULHLPKEOSA-N,C[C@@H]1C[C@H]2[C@@H]3C[C@H](F)C4=CC(=O)C=C[C@]4(C)[C@H]3[C@@H](O)C[C@]2(C)[C@H]1C(=O)CO,376.4680000000002
WTQYWNWRJNXDEG-RBZJEDDUSA-N,CN1[C@H]2C[C@H](OC(=O)[C@H](CO)c3ccccc3)C[C@@H]1[C@@H](O)C2,305.374
SQVIAVUSQAWMKL-UHFFFAOYSA-N,CCNCC(O)c1cccc(O)c1,181.23499999999999
NHHQJBCNYHBUSI-UHFFFAOYSA-N,COc1cc(Nc2ncc(F)c(Nc3ccc4c(n3)NC(=O)C(C)(C)O4)n2)cc(OC)c1OC,470.4610000000003
VVWYOYDLCMFIEM-UHFFFAOYSA-N,CC(C)[N+](C)(CCOC(=O)C1c2ccccc2Oc2ccccc21)C(C)C,368.4970000000001
FKNQFGJONOIPTF-UHFFFAOYSA-N,[Na+],22.99
IVHBBMHQKZBJEU-UHFFFAOYSA-N,CCCCOc1cc(C(=O)NCCN(CC)CC)c2ccccc2n1.Cl,379.93199999999996
NBSCHQHZLSJFNQ-PQMKYFCFSA-N,O=P(O)(O)OC[C@H]1O[C@H](O)[C@@H](O)[C@@H](O)[C@@H]1O,260.135
QYHFIVBSNOWOCQ-UHFFFAOYSA-N,O=[Se](=O)(O)O,144.97199999999998
KVSKGMLNBAPGKH-UHFFFAOYSA-N,O=C(Nc1ccc(Br)cc1)c1cc(Br)cc(Br)c1O,449.92400000000004
FKNQFGJONOIPTF-UHFFFAOYSA-N,[Na+],22.99
IYGXEHDCSOYNKY-RZHHZEQLSA-N,CCCCC[C@H](O)/C=C/[C@@H]1[C@@H](C/C=C\CCCC(=O)O)[C@@H](O)C[C@H]1O.NC(CO)(CO)CO,475.6230000000002
SXNJFOWDRLKDSF-STROYTFGSA-N,CC[C@@H]1C(=O)N(C)c2cnc(Nc3ccc(C(=O)N[C@H]4CC[C@H](N5CCN(CC6CC6)CC5)CC4)cc3OC)nc2N1C(C)C,618.8270000000002
YJYPHIXNFHFHND-UHFFFAOYSA-N,COc1ccc2cccc(CCNC(C)=O)c2c1,243.30599999999995
FKNQFGJONOIPTF-UHFFFAOYSA-N,[Na+],22.99
PHXJVRSECIGDHY-UHFFFAOYSA-N,Cc1ccc(C(=O)Nc2ccc(CN3CCN(C)CC3)c(C(F)(F)F)c2)cc1C#Cc1cnc2cccnn12,532.5700000000002
XQYASZNUFDVMFH-CQSZACIVSA-N,C[C@@H]1CN(Cc2ccc(F)cc2)CCN1C(=O)COc1ccc(Cl)cc1NC(N)=O,434.8990000000001
GPXBXXGIAQBQNI-UHFFFAOYSA-N,CCCS(=O)(=O)Nc1ccc(F)c(C(=O)c2c[nH]c3ncc(-c4ccc(Cl)cc4)cc23)c1F,489.9310000000001
WHUUTDBJXJRKMK-VKHMYHEASA-N,N[C@@H](CCC(=O)O)C(=O)O,147.13
VAZNEHLGJGSQEL-MHZLTWQESA-N,COC(=O)c1cccc(CCN(C)CCC[C@@](C#N)(c2ccc(OC)c(OC)c2)C(C)C)c1,452.59500000000014
PCZOHLXUXFIOCF-BXMDZJJMSA-N,CC[C@H](C)C(=O)O[C@H]1C[C@@H](C)C=C2C=C[C@H](C)[C@H](CC[C@@H]3C[C@@H](O)CC(=O)O3)[C@H]21,404.54700000000025
KGHYQYACJRXCAT-UHFFFAOYSA-N,Cl.N=C1CCCN1Cc1[nH]c(=O)[nH]c(=O)c1Cl,279.127
INVTYAOGFAGBOE-UHFFFAOYSA-N,Nc1ccccc1NC(=O)c1ccc(CNC(=O)OCc2cccnc2)cc1,376.4160000000001
XXJXHXJWQSCNPX-UHFFFAOYSA-N,CC1(N)CCN(c2cccnc2NC(=O)c2nc(-c3ncccc3C(F)(F)F)cnc2N)CC1,472.4750000000002
UHRBTBZOWWGKMK-DOMZBBRYSA-N,CO[C@@]1(NC(=O)CSC(F)F)C(=O)N2C(C(=O)O)=C(CSc3nnnn3CCO)CO[C@@H]21,496.4740000000003
WHBHBVVOGNECLV-OBQKJFGGSA-N,C[C@]12CCC(=O)C=C1CC[C@@H]1[C@@H]2CC[C@@]2(C)[C@H]1CC[C@]2(O)C(=O)CO,346.4670000000001
YQNWZWMKLDQSAC-UHFFFAOYSA-N,Cc1ccc(Sc2ccccc2N2CCNCC2)c(C)c1,298.4550000000001
JKQXZKUSFCKOGQ-QAYBQHTQSA-N,CC1=C(/C=C/C(C)=C/C=C/C(C)=C/C=C/C=C(C)/C=C/C=C(C)/C=C/C2=C(C)C[C@@H](O)CC2(C)C)C(C)(C)C[C@H](O)C1,568.8860000000003
JBMKAUGHUNFTOL-UHFFFAOYSA-N,NS(=O)(=O)c1cc2c(cc1Cl)N=CNS2(=O)=O,295.72900000000004
KRNAOFGYEFKHPB-ANJVHQHFSA-N,N[C@@H]1c2cccnc2[C@H](OC(=O)N2CCC(n3c(=O)[nH]c4ncccc43)CC2)CC[C@H]1c1cccc(F)c1F,534.5670000000003
DAFYYTQWSAWIGS-DEOSSOPVSA-N,OCc1cc([C@@H](O)CNCCCCCCOCCOCc2c(Cl)cccc2Cl)ccc1O,486.43600000000015
JDDHUROHDHPVIO-UHFFFAOYSA-N,C1CNCCN1.C1CNCCN1.C1CNCCN1.O=C(O)CC(O)(CC(=O)O)C(=O)O.O=C(O)CC(O)(CC(=O)O)C(=O)O,642.6600000000004
NULMGOSOSZBEQL-QMMMGPOBSA-N,CCOC(=O)[C@@H](N)Cc1ccc(O)c(O)c1,225.24400000000003
JGPMMRGNQUBGND-UHFFFAOYSA-N,COC1=C(OC)C(=O)C(CCCCCCCCCCO)=C(C)C1=O,338.444
GGGDNPWHMNJRFN-UHFFFAOYSA-N,CC(=O)Nc1c(I)c(C(=O)O)c(I)c(N(C)C(C)=O)c1I,627.9420000000001
OETHQSJEHLVLGH-UHFFFAOYSA-N,CN(C)C(=N)NC(=N)N.Cl,165.62800000000001
FJNPZKZPWVVSON-UHFFFAOYSA-N,Cc1cc(N2CCc3cc(F)ccc3C2)cc(C)c1NC(=O)CC(C)(C)C,368.49600000000015
IKQCSJBQLWJEPU-UHFFFAOYSA-N,O=S(=O)(O)c1cc(O)ccc1O,190.176
YTNKWDJILNVLGX-UHFFFAOYSA-N,COc1cc2nc(N(C)CCCNC(=O)C3CCCO3)nc(N)c2cc1OC.Cl,425.9170000000002
RWTNPBWLLIMQHL-UHFFFAOYSA-N,CC(C)(C(=O)O)c1ccc(C(O)CCCN2CCC(C(O)(c3ccccc3)c3ccccc3)CC2)cc1,501.66700000000014
FGDZQCVHDSGLHJ-UHFFFAOYSA-M,[Cl-].[Rb+],120.921
XMZSTQYSBYEENY-RMKNXTFCSA-N,COc1c(/C=C/c2ccc(NS(C)(=O)=O)cc2)cc(-n2ccc(=O)[nH]c2=O)cc1C(C)(C)C,469.5630000000002
XGALLCVXEZPNRQ-UHFFFAOYSA-N,COc1cc2ncnc(Nc3ccc(F)c(Cl)c3)c2cc1OCCCN1CCOCC1,446.9100000000004
AXRCEOKUDYDWLF-UHFFFAOYSA-N,Cn1cc(C2=C(c3cn(C4CCN(Cc5ccccn5)CC4)c4ccccc34)C(=O)NC2=O)c2ccccc21,515.6170000000003
AFLWPAGYTPJSEY-CODXZCKSSA-N,C[C@]12CCC(=O)C=C1CC[C@@H]1[C@@H]2[C@@H](O)C[C@@]2(C)[C@H]1CC[C@]2(O)C(=O)COC(=O)CCC(=O)O.O,480.5540000000004
JUZNIMUFDBIJCM-ANEDZVCMSA-N,C[C@@H](O)[C@H]1C(=O)N2C(C(=O)O)=C(S[C@@H]3CN[C@H](C(=O)Nc4cccc(C(=O)O)c4)C3)[C@H](C)[C@H]12,475.52300000000025
IQQBRKLVEALROM-UHFFFAOYSA-N,CS(=O)(=O)N(c1cc(F)cc(F)c1)C1CN(C(c2ccc(Cl)cc2)c2ccc(Cl)cc2)C1,497.3940000000001
UPZWINBEAHDTLA-UHFFFAOYSA-N,Cc1nc(C#Cc2ccnc(Cl)c2)c(C)n1-c1ccc(F)cc1,325.774
KKGQTZUTZRNORY-UHFFFAOYSA-N,CCCCCCCCc1ccc(CCC(N)(CO)CO)cc1,307.478
RUDATBOHQWOJDD-BSWAIDMHSA-N,C[C@H](CCC(=O)O)[C@H]1CC[C@H]2[C@@H]3[C@H](O)C[C@@H]4C[C@H](O)CC[C@]4(C)[C@H]3CC[C@]12C,392.5800000000002
ZNKWRAKPQQZLNX-ZDQHWEPJSA-N,CN(CCCn1nnc2cc(CNC[C@H](O)c3ccc(O)c4[nH]c(=O)ccc34)ccc21)[C@H]1CC[C@H](OC(=O)C(O)(c2cccs2)c2cccs2)CC1,742.9240000000002
KJEBULYHNRNJTE-DHZHZOJOSA-N,COCCOC(=O)C1=C(C)NC(C)=C(C(=O)OC/C=C/c2ccccc2)C1c1cccc([N+](=O)[O-])c1,492.52800000000013
DYDCUQKUCUHJBH-UWTATZPHSA-N,N[C@@H]1CONC1=O,102.09299999999999
PDXNSXLPXJFETD-DYVQZXGMSA-N,CC1(C)C(/C=C/C2=C(Oc3ccc(C[C@H](NC(=O)c4ccc(NCc5cnc6nc(N)[nH]c(=O)c6n5)cc4)C(=O)[O-])cc3)/C(=C/C=C3\N(CCCCS(=O)(=O)[O-])c4ccc(S(=O)(=O)[O-])cc4C3(C)C)CCC2)=[N+](CCCCS(=O)(=O)[O-])c2ccc(S(=O)(=O)[O-])cc21.[H+].[H+].[H+].[H+],1326.521
GIJXKZJWITVLHI-PMOLBWCYSA-N,CN1[C@@H]2CC[C@H]1C[C@@H](OC(c1ccccc1)c1ccccc1)C2,307.43700000000007
LNLJHGXOFYUARS-OAQYLSRUSA-N,[O-][n+]1cccc(-c2nc3c(Cl)cccc3cc2[C@@H](Nc2ncnc3cccnc23)C(F)(F)F)c1,482.8530000000001
DNTVJEMGHBIUMW-IBGZPJMESA-N,COc1ccc2cc(-c3cc(-c4cc(Cl)cc(Cl)c4)nn3[C@@H](C)c3ccc(C(=O)NCCC(=O)O)cc3)ccc2c1,588.4910000000003
DENYZIUJOTUUNY-MRXNPFEDSA-N,C[C@]12CCCN1CC1=NNC(=O)c3cc(F)cc4[nH]c2c1c34,298.321
UMILHIMHKXVDGH-UHFFFAOYSA-N,C(COCCOCC1CO1)OCCOCC1CO1,262.3019999999999
ICTXHFFSOAJUMG-SLHNCBLASA-N,C#C[C@]1(O)CC[C@H]2[C@@H]3CCC4=C(CCC(=O)C4)[C@H]3CC[C@@]21C,298.42600000000004
GWWIHNWMWIJWRT-UHFFFAOYSA-N,C/N=C(\N)N(C)C(=N)N.Cl,165.62800000000001
DDNCQMVWWZOMLN-IRLDBZIGSA-N,CCOC(=O)C1=C[C@]2(CC)CCCN3CCc4c(n1c1ccccc41)[C@@H]32,350.462
DGBIGWXXNGSACT-UHFFFAOYSA-N,O=C1CN=C(c2ccccc2Cl)c2cc([N+](=O)[O-])ccc2N1,315.716
GWBBVOVXJZATQQ-UHFFFAOYSA-L,CC(O)(P(=O)([O-])O)P(=O)([O-])O.[Na+].[Na+],249.99099999999999
WDZCUPBHRAEYDL-GZAUEHORSA-N,CO[C@H]1/C=C/O[C@@]2(C)Oc3c(C)c(O)c4c(O)c(c(/C=N/N5CCN(C6CCCC6)CC5)c(O)c4c3C2=O)NC(=O)/C(C)=C\C=C\[C@H](C)[C@H](O)[C@@H](C)[C@@H](O)[C@@H](C)[C@H](OC(C)=O)[C@@H]1C,877.0450000000004
VWUPWEAFIOQCGF-UHFFFAOYSA-N,CC(O)C(=O)O.Cc1[nH]c(=O)c(C#N)cc1-c1ccncc1,301.30199999999996
QWPLCHDPESWJRN-FNNGWQQSSA-N,[18F]c1ccc([P+](c2ccccc2)(c2ccccc2)c2ccccc2)cc1,356.3909380000001
JOOXCMJARBKPKM-UHFFFAOYSA-N,CC(=O)CCC(=O)O,116.11599999999999
NCAIGTHBQTXTLR-UHFFFAOYSA-N,CC(C)(N)Cc1ccccc1.Cl,185.698
QRXWMOHMRWLFEY-UHFFFAOYSA-N,NNC(=O)c1ccncc1,137.142
OGCNTTUPLQTBJI-XFULWGLBSA-N,Cn1c(=O)cc(N2CCC[C@@H](N)C2)n(Cc2cc(F)ccc2C#N)c1=O.O=C(O)CCC(=O)O,475.47700000000026
PFWVGKROPKKEDW-UHFFFAOYSA-N,CC(C)(C)NC(=O)c1ccc(Oc2cc(F)c(CC(=O)O)cc2Cl)c(NS(=O)(=O)c2ccc(C3CC3)cc2Cl)c1,609.503
TVTXCJFHQKSQQM-LJQIRTBHSA-N,COc1cc(C(=O)O)ccc1NC(=O)[C@@H]1N[C@@H](CC(C)(C)C)[C@](C#N)(c2ccc(Cl)cc2F)[C@H]1c1cccc(Cl)c1F,616.4920000000003
QMVPQBFHUJZJCS-NTKFZFFISA-N,O=C1c2c(c3c4ccc(O)cc4n([C@@H]4O[C@H](CO)[C@@H](O)[C@H](O)[C@H]4O)c3c3[nH]c4cc(O)ccc4c23)C(=O)N1NC(CO)CO,608.5600000000002
HHHKFGXWKKUNCY-FHWLQOOXSA-N,CCOC(=O)[C@H](CCc1ccccc1)N[C@H]1CCCN2CCC[C@@H](C(=O)O)N2C1=O,417.5060000000003
OGQICQVSFDPSEI-UHFFFAOYSA-N,CCOC(=O)c1ccc(C#Cc2ccc3c(c2)C(C)(C)CCS3)nc1,351.47100000000006
ZBBCUBMBMZNEME-QBGWIPKPSA-L,CC1(C)S[C@@H]2[C@H](NC(=O)[C@H](C(=O)[O-])c3ccsc3)C(=O)N2[C@H]1C(=O)[O-].[Na+].[Na+],428.3990000000001
KMSKQZKKOZQFFG-YXRRJAAWSA-N,COc1cccc2c1C(=O)c1c(O)c3c(c(O)c1C2=O)C[C@@](O)(C(=O)CO)C[C@@H]3O[C@H]1C[C@H](N)[C@H](O[C@@H]2CCCCO2)[C@H](C)O1,627.6430000000001
FKNQFGJONOIPTF-UHFFFAOYSA-N,[Na+],22.99
SUPKOOSCJHTBAH-UHFFFAOYSA-N,Nc1ncnc2c1ncn2CCOCP(=O)(O)O,273.1889999999999
FAIIFDPAEUKBEP-UHFFFAOYSA-N,COC(=O)C1=C(C#N)NC(C)=C(C(=O)OC(C)C)C1c1cccc([N+](=O)[O-])c1,385.3760000000001
BLWNYSZZZWQCKO-UHFFFAOYSA-N,CC(=O)Oc1c(C)cc(OCC(O)CNC(C)C)c(C)c1C.Cl,345.867
PLIGPBGDXASWPX-UHFFFAOYSA-N,CN(C)CCCn1c2c(c3ccccc31)CCCCCC2,284.44700000000006
RNRYULFRLCBRQS-UHFFFAOYSA-N,O=C(CN1CCC(CN2Cc3ccccc3C2=O)CC1)c1ccc(F)cc1,366.4360000000001
UUVWYPNAQBNQJQ-UHFFFAOYSA-N,CN(C)c1nc(N(C)C)nc(N(C)C)n1,210.285
STZYTFJPGGDRJD-NHUWBDDWSA-N,C=C[C@]1(C)C[C@@H](OC(=O)CS[C@@H]2C[C@H]3CC[C@@H](C2)N3C)[C@]2(C)[C@H](C)CC[C@]3(CCC(=O)[C@H]32)[C@@H](C)[C@@H]1O,517.7760000000004
KZFFYEPYCVDOGE-LJQANCHMSA-N,O=C([C@H](CO)c1ccccc1)N1CC2=C(C1)CN(S(=O)(=O)c1cnc3c(c1)OCCO3)C2,457.50800000000027
VNVNZKCCDVFGAP-NMFAMCKASA-N,CC(C)(C)NC[C@H](O)c1ccc(O)c(CO)c1.CC(C)(C)NC[C@H](O)c1ccc(O)c(CO)c1.O=C(O)C(O)C(O)C(=O)O,628.7160000000005
NIJYGVDQZBBONK-SEUXLIJBSA-N,CC(C)OC(=O)[C@H](C)N[P@](=O)(OC[C@@]1(F)O[C@@H](n2ccc(=O)[nH]c2=O)[C@](C)(O)[C@@H]1O)Oc1ccccc1,545.4570000000002
WANGFTDWOFGECH-UHFFFAOYSA-N,CCCCN(CCCC)CCC(O)c1cc2c(Cl)cc(Cl)cc2c2cc(C(F)(F)F)ccc12.Cl,536.8930000000001
FKNQFGJONOIPTF-UHFFFAOYSA-N,[Na+],22.99
GTTBEUCJPZQMDZ-UHFFFAOYSA-N,C#Cc1cccc(Nc2ncnc3cc(OCCOC)c(OCCOC)cc23)c1.Cl,429.90400000000017
DTJQBBHYRQYDEG-JNBMDGLNSA-N,COCC[C@H]1CC2CN3CCc4c([nH]c5ccccc45)[C@](C(=O)OC)(C2)[C@H]13,368.4770000000002
ATAGSVCDFKGYPE-UHFFFAOYSA-N,CCCCOC(=O)c1ccc(N)cc1.CCCCOC(=O)c1ccc(N)cc1.O=[N+]([O-])c1cc([N+](=O)[O-])c(O)c([N+](=O)[O-])c1,615.5960000000002
AEULIVPVIDOLIN-UHFFFAOYSA-N,CC(C)Cn1c2ccc(Nc3ncccn3)cc2c2c3c(c4c(c21)CCc1nn(C)cc1-4)C(=O)NC3,477.57200000000034
WRFHGDPIDHPWIQ-UHFFFAOYSA-N,CCCCC1=NC2(CCCC2)C(=O)N1Cc1ccc(-c2ccccc2S(=O)(=O)Nc2noc(C)c2C)c(COCC)c1,592.7620000000001
HLJRAERMLKNULP-UHFFFAOYSA-N,Cl.NCCc1cc[nH]n1,147.609
SHKXZIQNFMOPBS-OOMQYRRCSA-N,CCCCCCCCCCCCCCCCCCCC(=O)N[C@H]1CC[C@@]2(C)[C@@H](C1)C[C@@H](O)[C@@H]1[C@@H]2C[C@H](O)[C@]2(C)[C@@H]([C@H](C)CCC(=O)O)CC[C@@H]12,702.1179999999999
SEERZIQQUAZTOL-ANMDKAQQSA-N,COCc1c(C(C)C)nc(C(C)C)c(/C=C/[C@@H](O)C[C@@H](O)CC(=O)O)c1-c1ccc(F)cc1,459.5580000000002
MLKXDPUZXIRXEP-MFOYZWKCSA-N,CC1=C(CC(=O)O)c2cc(F)ccc2/C1=C\c1ccc([S+](C)[O-])cc1,356.41800000000006
JZCPYUJPEARBJL-UHFFFAOYSA-N,Cc1c(C(=O)NN2CCCCC2)nn(-c2ccc(Cl)cc2Cl)c1-c1ccc(Cl)cc1,463.79600000000016
CYWFCPPBTWOZSF-UHFFFAOYSA-N,CC(C)Cc1ccc(CC(=O)O)cc1,192.25799999999998
JTWOMNBEOCYFNV-NFFDBFGFSA-N,CC1(C)S[C@@H]2[C@H](NC(=O)[C@H](NC(=O)N3CCNC3=O)c3ccccc3)C(=O)N2[C@H]1C(=O)O,461.50000000000017
IHWFKDWIUSZLCJ-UHFFFAOYSA-M,CCOc1nc2cccc(C(=O)OCc3oc(=O)oc3C)c2n1Cc1ccc(-c2ccccc2-c2noc(=O)[n-]2)cc1.[K+],606.6320000000002
ZIMLRKWQDLVPEK-UHFFFAOYSA-N,COc1cc(N2CCN(C(=O)Cn3nc(-c4ncc[nH]4)c4cccnc43)CC2)ccc1Cl,451.91800000000023
LQHDJQIMETZMPH-ZBFHGGJFSA-N,CNc1nc(C)nc(N[C@H]2CCC[C@@H](C(=O)NCc3ccc(C#N)cc3C(F)(F)F)C2)n1,447.4650000000001
UPSPUYADGBWSHF-UHFFFAOYSA-N,Cc1ccc(C(=O)c2ccc(CC(=O)O)n2C)cc1,257.289
UHIXWHUVLCAJQL-MPBGBICISA-N,C[C@@H](n1cnc2cc(Cl)ccc2c1=O)[C@](O)(Cn1cncn1)c1ccc(F)cc1F,431.83000000000004
MCPUZZJBAHRIPO-UHFFFAOYSA-N,CCc1nn(CCO)c(CC)c1Oc1cc(C#N)cc(C#N)c1,310.357
DHYPGRVMIOATAE-UHFFFAOYSA-N,CC(C)(C)c1cc(NC(=O)Nc2ccc(-c3cn4c(n3)sc3cc(OCCN5CCOCC5)ccc34)cc2)no1.Cl.Cl,633.6020000000004
LMOINURANNBYCM-UHFFFAOYSA-N,CC(C)NCC(O)c1cc(O)cc(O)c1,211.261
MKOMESMZHZNBIZ-UHFFFAOYSA-M,Cc1sc[n+](CC(=O)c2ccccc2)c1C.[Cl-],267.781
AGHANLSBXUWXTB-UHFFFAOYSA-N,O=C(O)COc1ccc(C(=O)c2cccs2)c(Cl)c1Cl,331.17600000000004
BTIHMVBBUGXLCJ-OAHLLOKOSA-N,CC[C@H](CO)Nc1nc(NCc2ccccc2)c2ncn(C(C)C)c2n1,354.4580000000001
JXTAALBWJQJLGN-KSSFIOAISA-N,CC(C)C(=O)O[C@@H](OC(=O)NC[C@H](CC(=O)O)c1ccc(Cl)cc1)C(C)C,399.8710000000001
VLLFGVHGKLDDLW-SFHVURJKSA-N,C[C@@]1(c2cc(NC(=O)c3ccc(C#N)cn3)ccc2F)C=CSC(N)=N1,367.4090000000001
FKNQFGJONOIPTF-UHFFFAOYSA-N,[Na+],22.99
KGBXLFKZBHKPEV-UHFFFAOYSA-N,OB(O)O,61.83300000000001
PKVZBNCYEICAQP-UHFFFAOYSA-N,CNC1(C)C2CCC(C2)C1(C)C.Cl,203.757
MHQOTKLEMKRJIR-UHFFFAOYSA-L,O=[Se](=O)([O-])[O-].[Na+].[Na+],188.936
JNGVJMBLXIUVRD-SFHVURJKSA-N,C[C@](O)(COc1ccc(C#N)cc1)C(=O)Nc1ccc(C#N)c(C(F)(F)F)c1,389.3330000000001
FBCQEUMZZNVQKD-UHFFFAOYSA-N,O=C(c1ccc(O)c(F)c1)N(c1ccc(O)cc1)c1ccc(F)cc1,341.31300000000005
FBMYKMYQHCBIGU-UHFFFAOYSA-N,CC(C)(Cc1c[nH]c2ccccc12)NCC(O)COc1ccccc1C#N,363.4610000000001
QXPBTTUOVWMPJN-QBNHLFMHSA-M,CC1(C)C[C@@H]1C(=O)N/C(=C\CCCCSC[C@H](N)C(=O)O)C(=O)[O-].[Na+],380.44200000000006
STTADZBLEUMJRG-IKNOHUQMSA-N,Br.COc1ccc2c(c1)[C@]13CCCC[C@@H]1[C@H](C2)N(C)CC3.O,370.33100000000013
RGPDIGOSVORSAK-STHHAXOLSA-N,C=CCN1CC[C@]23c4c5ccc(O)c4O[C@H]2C(=O)CC[C@@]3(O)[C@H]1C5.Cl,363.84100000000007
BBTFKAOFCSOZMB-UHFFFAOYSA-N,CNc1nc(-c2cccc(NC(=O)c3ccc(C(=O)OC)cc3)c2)c2cc(OC)c(OC)cc2n1,472.5010000000002
WXAYTPABEADAAB-UHFFFAOYSA-N,CN1CCCN=C1COC(=O)C(O)(c1ccccc1)C1CCCCC1.Cl,380.9160000000002
TZCPCKNHXULUIY-RGULYWFUSA-N,CCCCCCCCCCCCCCCCCC(=O)OC[C@H](COP(=O)(O)OC[C@H](N)C(=O)O)OC(=O)CCCCCCCCCCCCCCCCC,792.088999999999
HPJKCIUCZWXJDR-UHFFFAOYSA-N,N#Cc1ccc(C(c2ccc(C#N)cc2)n2cncn2)cc1,285.31
IYNDLOXRXUOGIU-LQDWTQKMSA-M,CC1(C)S[C@@H]2[C@H](NC(=O)Cc3ccccc3)C(=O)N2[C@H]1C(=O)[O-].[K+],372.4870000000001
LRJOMUJRLNCICJ-JZYPGELDSA-N,CC(=O)OCC(=O)[C@@]1(O)CC[C@H]2[C@@H]3CCC4=CC(=O)C=C[C@]4(C)[C@H]3[C@@H](O)C[C@@]21C,402.48700000000014
FRIZVHMAECRUBR-UHFFFAOYSA-N,CCOC(=O)c1ncn2c1CN(C)C(=O)c1c(I)cccc1-2,411.199
MUNWOYRHJPWQNE-GMFUQMJFSA-N,COC[C@H]1CN(C(=O)[C@]2(F)CN(C3CCCC3)C[C@H]2c2ccc(OC)cc2)C[C@@H]1c1ccc(C(F)(F)F)cc1N1CCC(C(=O)O)CC1,675.7639999999999
UNVWTBOGMHPKJM-CWKRKGSWSA-N,CO[C@@H]1COCC[C@@H]1N[C@@H]1CC[C@@](CN2CCc3ncc(C(F)(F)F)cc3C2)(C(C)C)C1,455.5650000000001
WUKZPHOXUVCQOR-UHFFFAOYSA-N,CN1C(=O)COc2c(C(=O)NC3CN4CCC3CC4)cc(Cl)cc21,349.81800000000004
GJSURZIOUXUGAL-UHFFFAOYSA-N,Clc1cccc(Cl)c1NC1=NCCN1,230.09799999999998
KAMFDHLRBHTIMJ-AZDLLSQWSA-N,O=C(O)/C(=C/c1ccccc1)c1ccccc1.OCc1cc([C@@H](O)CNCCCCCCOCCOCc2c(Cl)cccc2Cl)ccc1O,710.6950000000005
CUHVIMMYOGQXCV-NSHDSACASA-N,Cc1cccc([C@H](C)c2c[nH]cn2)c1C,200.28500000000003
CKLJMWTZIZZHCS-UWTATZPHSA-N,N[C@H](CC(=O)O)C(=O)O,133.10299999999998
NRZRFNYKMSAZBI-ZETCQYMHSA-N,CC(C)[C@H](N)C(=O)NCCCS(=O)(=O)O,238.30899999999997
FKNQFGJONOIPTF-UHFFFAOYSA-N,[Na+],22.99
YGIDGBAHDZEYMT-MQFIMZJJSA-N,OC[C@H]1O[C@@H](S[C@@H]2O[C@H](CO)[C@H](O)[C@H](n3cc(-c4cccc(F)c4)nn3)[C@H]2O)[C@H](O)[C@@H](n2cc(-c3cccc(F)c3)nn2)[C@H]1O,648.6450000000002
JNLIKIBISICTMS-PEJBKAKVSA-N,CCc1cc(/C(C)=N/OCc2ccc(C3CCCCC3)c(C(F)(F)F)c2)ccc1CN1CC(C(=O)O)C1.CCc1cc(/C(C)=N/OCc2ccc(C3CCCCC3)c(C(F)(F)F)c2)ccc1CN1CC(C(=O)O)C1.O=C(O)/C=C/C(=O)O,1149.2799999999995
UVKZSORBKUEBAZ-UHFFFAOYSA-N,CN1CCN(C(c2ccccc2)c2ccccc2)CC1,266.38800000000003
RYQOILLJDKPETL-UHFFFAOYSA-N,CCCCCCOC(=O)CCC(=O)CN,215.29299999999995
MCGSCOLBFJQGHM-SCZZXKLOSA-N,Nc1nc(NC2CC2)c2ncn([C@H]3C=C[C@@H](CO)C3)c2n1,286.33900000000006
XUPZAARQDNSRJB-SJDTYFKWSA-N,CN(C)CC/C=C1\c2ccccc2CSc2ccccc21.Cl,331.912
FLFGNMFWNBOBGE-FNNZEKJRSA-N,CCCCCCCC/C=C/CCCCCCCC(=O)OC[C@H]1O[C@@H](n2ccc(N)nc2=O)[C@@H](O)[C@@H]1O,507.67200000000014
SJUWEPZBTXEUMU-UHFFFAOYSA-N,Br.O=C(CC1NCCCC1O)Cn1cnc2cc(Br)c(Cl)cc2c1=O,495.59900000000016
FVEFRICMTUKAML-UHFFFAOYSA-M,CCCCC(CC)CCC(CC(C)C)OS(=O)(=O)[O-].[Na+],316.4390000000001
AUAHHJJRFHRVPV-BZDVOYDHSA-N,CC[C@@H](CO)NCCN[C@@H](CC)CO.Cl.Cl,277.236
JWHYSEDOYMYMNM-QGZVFWFLSA-N,CCO[C@H](COc1ccc(C(F)(F)F)cc1)CSc1ccc(OCC(=O)O)c(C)c1,444.4710000000002
HLWURFKMDLAKOD-UHFFFAOYSA-N,COc1cc(C(C)C)c(Oc2cnc(N)nc2N)cc1S(N)(=O)=O,353.40400000000005
ARQUTWAXTHJROR-UHFFFAOYSA-N,CC1(COc2ccc3c(c2)ncn3-c2ccc3cccc(N4CCC(N)CC4)c3n2)COC1.O=S(=O)(O)c1ccccc1,601.7290000000005
CGVWPQOFHSAKRR-NDEPHWFRSA-N,COc1cc(C(=O)C(=O)N2CCCC[C@H]2C(=O)OC(CCCc2cccnc2)CCCc2cccnc2)cc(OC)c1OC,603.7160000000002
CFOYWRHIYXMDOT-UHFFFAOYSA-N,CCOC(=O)n1ccn(C)c1=S,186.236
KVWDHTXUZHCGIO-UHFFFAOYSA-N,Cc1cc2c(s1)Nc1ccccc1N=C2N1CCN(C)CC1,312.4420000000001
CEEQUQSGVRRXQI-UHFFFAOYSA-N,Cc1ncc(COP(=O)(O)O)c(C=O)c1O.O,265.158
JJKOTMDDZAJTGQ-DQSJHHFOSA-N,CC/C(=C(\c1ccc(I)cc1)c1ccc(OCCN2CCCC2)cc1)c1ccccc1,523.4580000000004
PPTYJKAXVCCBDU-UHFFFAOYSA-N,CN1C(=O)CN=C(c2ccccc2F)c2cc([N+](=O)[O-])ccc21,313.28800000000007
SWOUGRBFXFILIB-UHFFFAOYSA-N,CN1CCN(CCCN2c3ccccc3Sc3ccc(Cl)cc32)CC1.O=S(=O)(O)CCS(=O)(=O)O,564.1510000000004
VWVSBHGCDBMOOT-IIEHVVJPSA-N,C[C@@H]1C[C@H]2[C@@H]3CCC4=CC(=O)C=C[C@]4(C)[C@@]3(F)[C@@H](O)C[C@]2(C)[C@H]1C(=O)CO,376.4680000000002
GZRNOYTVBWWFLJ-NTPALUMKSA-N,CC(C)Oc1ccc(-c2nc(O[C@@H]3C[C@H]4C(=O)N[C@]5(C(=O)NS(=O)(=O)C6(C)CC6)C[C@H]5/C=C\CCCCC[C@H](NC(=O)OC5CCCC5)C(=O)N4C3)c3oc4ccccc4c3n2)cc1,897.0639999999996
GDFGTRDCCWFXTG-UHFFFAOYSA-N,CCCN1CC(NS(=O)(=O)N(CC)CC)CC2Cc3c(O)cccc3CC21,395.56900000000013
XHKUDCCTVQUHJQ-LCYSNFERSA-N,C=C[C@H]1CN2CC[C@H]1C[C@@H]2[C@@H](O)c1ccnc2ccc(OC)cc12.O=C(O)[C@H](O)[C@@H](O)[C@H](O)[C@H](O)CO,520.5790000000003
RZTAMFZIAATZDJ-UHFFFAOYSA-N,CCOC(=O)C1=C(C)NC(C)=C(C(=O)OC)C1c1cccc(Cl)c1Cl,384.259
NFIXBCVWIPOYCD-UHFFFAOYSA-N,CCN(CC)CCOc1ccc(Cc2ccccc2)cc1,283.415
HGOAIWZFTWACBD-RRHRGVEJSA-O,CCCCCCCCCCCCCCCCCCNC(=O)OC1CCN(C(=O)OC[C@H](COC(=O)N(Cc2cccc[n+]2CC)C(=O)c2ccccc2OC)OC)CC1,826.1089999999998
IRTDIKMSKMREGO-OAHLLOKOSA-N,Cc1cc([C@@H](C)Nc2ccccc2C(=O)O)c2nc(N3CCOCC3)cc(=O)n2c1,408.45800000000025
TZIZWYVVGLXXFV-FLRHRWPCSA-N,CC(C)(C)CC(=O)OCC(=O)[C@@]12OC(C)(C)O[C@@H]1C[C@H]1[C@@H]3CCC4=CC(=O)C=C[C@]4(C)[C@@]3(F)[C@@H](O)C[C@@]12C,532.6490000000002
DJSLTDBPKHORNY-XMMWENQYSA-N,CCCCc1ncc(/C=C(\Cc2cccs2)C(=O)O)n1Cc1ccc(C(=O)O)cc1.CS(=O)(=O)O,520.6290000000002
GGWBHVILAJZWKJ-UHFFFAOYSA-N,CNC(=C[N+](=O)[O-])NCCSCc1ccc(CN(C)C)o1.Cl,350.872
NZXKDOXHBHYTKP-UHFFFAOYSA-N,C=CCC1(C(C)C#CCC)C(=O)NC(=O)N(C)C1=O,262.30899999999997
QNZCBYKSOIHPEH-UHFFFAOYSA-N,COc1ccc(-n2nc(C(N)=O)c3c2C(=O)N(c2ccc(N4CCCCC4=O)cc2)CC3)cc1,459.5060000000003
RQZAXGRLVPAYTJ-GQFGMJRRSA-N,CC(=O)O[C@]1(C(C)=O)CC[C@H]2[C@@H]3C=C(C)C4=CC(=O)CC[C@]4(C)[C@H]3CC[C@@]21C,384.51600000000025
RFRXIWQYSOIBDI-UHFFFAOYSA-N,CCc1oc2ccccc2c1C(=O)c1ccc(O)cc1,266.29599999999994
LDXDSHIEDAPSSA-OAHLLOKOSA-N,O=C(O)CCn1c2c(c3ccccc31)C[C@H](NS(=O)(=O)c1ccc(F)cc1)CC2,416.4740000000002
WHIWGRCYMQLLAO-UHFFFAOYSA-N,CC(C)(C)c1ccc(Oc2ccc(N)cn2)cc1,242.322
FBOUYBDGKBSUES-VXKWHMMOSA-N,O=C(O[C@H]1CN2CCC1CC2)N1CCc2ccccc2[C@@H]1c1ccccc1,362.47300000000007
WRJPSSPFHGNBMG-UHFFFAOYSA-N,CC(=O)OC1CN2CCC1CC2,169.224
XCPXNPBILMXKNX-UHFFFAOYSA-N,COc1ccccc1OCCNCC(O)COc1cccc2[nH]c3ccccc3c12.O=P(O)(O)O,504.47600000000006
KYJWUPZPSXZEPG-NTISSMGPSA-N,CC(C)Oc1ccc(-c2nn([C@@H](C)c3oc4ccc(F)cc4c(=O)c3-c3cccc(F)c3)c3ncnc(N)c23)cc1F.Cc1ccc(S(=O)(=O)O)cc1,743.7640000000001
LULNWZDBKTWDGK-UHFFFAOYSA-M,CN(C)C(=O)Oc1cccc([N+](C)(C)C)c1.[Br-],303.19999999999993
FQJISUPNMFRIFZ-HXUWFJFHSA-N,CC(C)(CC1Cc2ccccc2C1)NC[C@@H](O)COc1cc(CCC(=O)O)cc(F)c1F,447.5220000000002
LDIOUQIXNSSOGU-UHFFFAOYSA-N,CCC(CC)Nc1c2c(nc3c(-c4ccc(OC)cc4Cl)c(C)nn13)CCC2,398.9380000000002
KUZYSQSABONDME-QRLOMCMNSA-N,CC[C@]1(O)C[C@@H]2CN(CCc3c([nH]c4ccccc34)[C@@](C(=O)OC)(c3cc4c(cc3OC)N(C)[C@H]3[C@@](O)(C(=O)NNC(=O)OCCSSC[C@H](NC(=O)[C@H](CC(=O)O)NC(=O)[C@H](CC(=O)O)NC(=O)[C@H](CCCNC(=N)N)NC(=O)[C@H](CC(=O)O)NC(=O)CC[C@H](NC(=O)c5ccc(NCc6cnc7[nH]c(N)nc(=O)c7n6)cc5)C(=O)O)C(=O)O)[C@H](O)[C@]5(CC)C=CCN6CC[C@]43[C@@H]65)C2)C1,1917.0730000000017
OBZHEBDUNPOCJG-WBXJDKIVSA-N,CC1(C)[C@@H](OC(=O)CCC(=O)O)CC[C@]2(C)[C@H]3C(=O)C=C4[C@@H]5C[C@@](C)(C(=O)O)CC[C@]5(C)CC[C@@]4(C)[C@]3(C)CC[C@@H]12,570.7670000000003
ATHGHQPFGPMSJY-UHFFFAOYSA-N,NCCCCNCCCN,145.25
UCEWGESNIULAGX-UHFFFAOYSA-N,CC(C)NCCCC1(C(N)=O)c2ccccc2-c2ccccc21,308.425
DQYGXRQUFSRDCH-UQIIZPHYSA-M,COc1cccc(-c2c(C)n(Cc3c(F)cccc3C(F)(F)F)c(=O)n(C[C@H](NCCCC(=O)[O-])c3ccccc3)c2=O)c1F.[Na+],653.5800000000004
NBQKINXMPLXUET-UHFFFAOYSA-N,O=C(Nc1cccc2c(=O)cc(-c3nnn[nH]3)oc12)c1ccc(OCCCCc2ccccc2)cc1,481.51200000000034
RXOVOXFAAGIKDQ-UHFFFAOYSA-N,C=C(Br)C(=O)Nc1cc(C(=O)Nc2cc(C(=O)Nc3cc(C(=O)Nc4cc(C(=O)NCCNC(=N)N)n(C)c4)n(C)c3)n(C)c2)n(C)c1,723.5929999999998
SDDSJMXGJNWMJY-BRHAQHMBSA-N,CC[C@H](C)CC(F)(F)[C@@]1(O)CC[C@H]2[C@@H](CC(=O)[C@@H]2CCCCCCC(=O)O)O1,404.4940000000003
SOYKEARSMXGVTM-UHFFFAOYSA-N,CN(C)CCC(c1ccc(Cl)cc1)c1ccccn1,274.795
MGNVWUDMMXZUDI-UHFFFAOYSA-N,O=S(=O)(O)CCCS(=O)(=O)O,204.225
XIWFQDBQMCDYJT-UHFFFAOYSA-M,CCCCCCCCCCCCC[N+](C)(C)Cc1ccccc1.[Cl-],354.02199999999993
FJIKWRGCXUCUIG-UHFFFAOYSA-N,CN1C(=O)C(O)N=C(c2ccccc2Cl)c2cc(Cl)ccc21,335.1900000000001
ICUTUKXCWQYESQ-UHFFFAOYSA-N,O=C(Nc1ccc(Cl)cc1)Nc1ccc(Cl)c(Cl)c1,315.587
CVPTTZZCRDVGSU-UHFFFAOYSA-N,Nc1ncnc2c1ncn2CCNCCCCCO,264.3329999999999
LWAFSWPYPHEXKX-UHFFFAOYSA-N,CC(C)(C)NCC(O)COc1cccc2c1CCC(=O)N2,292.37899999999996
FKNQFGJONOIPTF-UHFFFAOYSA-N,[Na+],22.99
JAZBEHYOTPTENJ-JLNKQSITSA-N,CC/C=C\C/C=C\C/C=C\C/C=C\C/C=C\CCCC(=O)O,302.458
GRPXLKXGJAGYSD-UHFFFAOYSA-N,N#Cc1ccc(N2CCN(Cc3ccc4c5c(c(=O)[nH]c4c3)CCCN5)CC2)nc1,400.48600000000016
HDTXDTWVQLQAMW-UHFFFAOYSA-N,COc1ccc(C)c(OC(CCN2CCC(n3c(=O)[nH]c4ccccc43)CC2)C(C)C)c1,437.5840000000002
HCRKCZRJWPKOAR-JTQLQIEISA-N,CCN[C@H]1CN(CCCOC)S(=O)(=O)c2sc(S(N)(=O)=O)cc21,383.5170000000001
BATCTBJIJJEPHM-UHFFFAOYSA-N,O=C(Nc1cccnn1)N1CCC(=Cc2cccc(Oc3ccc(C(F)(F)F)cn3)c2)CC1,455.4400000000001
FWFGIHPGRQZWIW-SQNIBIBYSA-N,CC(C)C[C@@H](C(=O)N[C@H](C(=O)OC1CCCC1)c1ccccc1)[C@H](O)C(=O)NO,406.479
WVDDGKGOMKODPV-UHFFFAOYSA-N,OCc1ccccc1,108.13999999999997
DYOBNLAYPQSBLB-UHFFFAOYSA-N,CC(N)Cc1ccccc1.NC(CC(=O)O)C(=O)O,268.31299999999993
JNPRPMBJODOFEC-UHFFFAOYSA-N,Cn1nccc1Nc1nccc(-c2cc3c(s2)C(C)(C)N(CCN2CCOCC2)C3=O)n1,453.5720000000004
ZEYYDOLCHFETHQ-JOCHJYFZSA-N,O=C(O)[C@@H](c1ccc(OCc2ccc3ccccc3n2)cc1)C1CCCC1,361.4410000000002
CRDNMYFJWFXOCH-YPKPFQOOSA-N,O=C1Nc2ccccc2/C1=C1/Nc2ccccc2C1=O,262.268
OVLIDRAJVMUEMC-UHFFFAOYSA-N,Cc1ccn(-c2nc(NC3CCC(F)(F)CC3)cc(N3CCOCC3)n2)n1,378.4270000000002
LHCBOXPPRUIAQT-UHFFFAOYSA-N,CCC(=O)N(c1ccccc1)C1CCN(CCc2ccccc2)CC1.Cl,372.94
MWCLLHOVUTZFKS-UHFFFAOYSA-N,C=C(C#N)C(=O)OC,111.09999999999998
GMUQJDAYXZXBOT-UHFFFAOYSA-M,Nc1ccc(C(=O)[O-])c(O)c1.O.O.[Na+],211.149
XQZXYNRDCRIARQ-LURJTMIESA-N,C[C@H](O)C(=O)Nc1c(I)c(C(=O)NC(CO)CO)c(I)c(C(=O)NC(CO)CO)c1I,777.0880000000001
FKNQFGJONOIPTF-UHFFFAOYSA-N,[Na+],22.99
OJBLXSPBJMGZDN-UHFFFAOYSA-N,Cc1nccn1Cc1cc(-c2ccc(F)c(C(F)F)c2)cnn1.Cl.Cl,391.224
HOOSGZJRQIVJSZ-UHFFFAOYSA-N,C[N+]12CCC(CC1)C(OC(=O)C(O)(c1ccccc1)c1ccccc1)C2,352.45400000000006
FKNQFGJONOIPTF-UHFFFAOYSA-N,[Na+],22.99
LSYANGLAZUZYFX-UHFFFAOYSA-N,N#Cc1ccc(Cn2ccc(NC(=O)Cc3ccc(C4(C(F)(F)F)CC4)cc3)n2)nc1,425.4140000000001
QTTRZHGPGKRAFB-OOKHYKNYSA-N,CCC(=O)[C@@]1(C)[C@H](C)C[C@H]2[C@@H]3CCC4=CC(=O)C=C[C@]4(C)[C@H]3[C@@H](O)C[C@@]21C,370.53300000000013
PTKSEFOSCHHMPD-UHFFFAOYSA-N,COc1ccc(OC)c(C(O)CNC(=O)CN)c1,254.28599999999997
JXTHNDFMNIQAHM-UHFFFAOYSA-N,O=C(O)C(Cl)Cl,128.942
DKLKMKYDWHYZTD-UHFFFAOYSA-N,CC(CNC1CCCCC1)OC(=O)c1ccccc1,261.365
UXXQOJXBIDBUAC-UHFFFAOYSA-N,COc1cc2c(N3CCN(C(=O)Nc4ccc(OC(C)C)cc4)CC3)ncnc2cc1OCCCN1CCCCC1,562.7150000000001
JAYVKNDQKXUNOJ-UHFFFAOYSA-N,COc1ccc(C(=O)Nc2ccc(S(=O)(=O)NC(CC#CCN3CCOCC3)C(=O)O)cc2)cc1,501.56100000000043
AZSRSNUQCUDCGG-UHFFFAOYSA-N,C=CC(=O)Nc1cc(Nc2ncc(C(=O)OC(C)C)c(-c3cn(C)c4ccccc34)n2)c(OC)cc1N(C)CCN(C)C,585.709
CATMPQFFVNKDEY-YPMHNXCESA-N,N[C@H](CCC(=O)N[C@@H](Cc1c[nH]c2ccccc12)C(=O)O)C(=O)O,333.3440000000001
KVUAALJSMIVURS-ZEDZUCNESA-L,Nc1nc(=O)c2c([nH]1)NCC(CNc1ccc(C(=O)N[C@@H](CCC(=O)[O-])C(=O)[O-])cc1)N2C=O.[Ca+2],511.50800000000027
OHHDIOKRWWOXMT-UHFFFAOYSA-N,Cl.O=c1n(CCCN2CCN(c3cccc(Cl)c3)CC2)nc2ccccn12,408.33300000000014
FKNQFGJONOIPTF-UHFFFAOYSA-N,[Na+],22.99
JRWROCIMSDXGOZ-UHFFFAOYSA-N,CC(C)(C)c1ccc(S(=O)(=O)Nc2ccc(Cl)cc2C(=O)c2cc[n+]([O-])cc2)cc1,444.94000000000017
ZPMNHBXQOOVQJL-UHFFFAOYSA-N,COCCCN1CCC(NC(=O)c2cc(Cl)c(N)c3c2OCC3)CC1,367.8770000000003
FKNQFGJONOIPTF-UHFFFAOYSA-N,[Na+],22.99
XXNYLYXTRMQXJS-CDLXMPELSA-N,CNc1ccc(/C=C/C=C/c2nc3ccc(OCC(O)C[18F])cc3s2)cn1,384.4669380000001
ABDDQTDRAHXHOC-QMMMGPOBSA-N,CNC[C@@H]1OCCc2ccsc21,183.276
OLBWFRRUHYQABZ-MRVPVSSYSA-N,NC(=O)OC[C@@H](O)c1ccccc1Cl,215.63600000000002
FKNQFGJONOIPTF-UHFFFAOYSA-N,[Na+],22.99
WWVANQJRLPIHNS-ZKWXMUAHSA-N,N=C1N[C@H]2[C@H](CS[C@H]2CCCCC(=O)O)N1,243.33199999999997
XRJIGJFEKPXBTD-UHFFFAOYSA-N,CC[N+](C)(C)CCOC(=O)C(O)(c1ccccc1)c1ccccc1,328.4320000000001
VXUMKMXYKWBBDK-JERYHNGXSA-N,C[C@@H](O)[C@H](N)C(=O)N[C@@H](CCCCN)C(=O)N1CCC[C@H]1C(=O)N[C@@H](CCCNC(=N)N)C(=O)NCC(=O)N[C@@H](Cc1ccc(O)c(/N=N/c2ccc(OP(=O)([O-])OCC[N+](C)(C)C)cc2)c1)C(=O)O,1006.069
DZZWHBIBMUVIIW-DTORHVGOSA-N,C[C@@H]1CN(c2c(F)c(N)c3c(=O)c(C(=O)O)cn(C4CC4)c3c2F)C[C@H](C)N1,392.4060000000002
QLUWQAFDTNAYPN-LLVKDONJSA-N,CN1CCN(c2ccc(N3C[C@H](CO)OC3=O)cc2F)C=N1,308.31299999999993
JFPVXVDWJQMJEE-IZRZKJBUSA-N,CO/N=C(\C(=O)N[C@@H]1C(=O)N2C(C(=O)O)=C(COC(N)=O)CS[C@H]12)c1ccco1,424.39100000000013
ZDXPYRJPNDTMRX-VKHMYHEASA-N,NC(=O)CC[C@H](N)C(=O)O,146.14600000000002
RBNWAMSGVWEHFP-UHFFFAOYSA-N,CC1(O)CCC(C(C)(C)O)CC1,172.26799999999997
PMKMNTBZJOXTJW-UHFFFAOYSA-N,O=C1COc2ccc(OCCCCN3CCN(c4cccc(Cl)c4Cl)CC3)cc2N1,450.36600000000004
SMOBCLHAZXOKDQ-ZJUUUORDSA-N,O=C(NC1CCNCC1)[C@@H]1CC[C@@H]2CN1C(=O)N2OS(=O)(=O)O,348.3810000000001
NEEHYRZPVYRGPP-IYEMJOQQSA-L,O=C([O-])[C@H](O)[C@@H](O)[C@H](O)[C@H](O)CO.O=C([O-])[C@H](O)[C@@H](O)[C@H](O)[C@H](O)CO.[Ca+2],430.37200000000007
FKNQFGJONOIPTF-UHFFFAOYSA-N,[Na+],22.99
YJGVMLPVUAXIQN-XVVDYKMHSA-N,COc1cc([C@@H]2c3cc4c(cc3[C@H](O)[C@H]3COC(=O)[C@H]23)OCO4)cc(OC)c1OC,414.41000000000025
RPLOPBHEZLFENN-HTMVYDOJSA-M,O=C([O-])CCC(=O)OC[C@@H](NC(=O)C(Cl)Cl)[C@H](O)c1ccc([N+](=O)[O-])cc1.[Na+],445.1870000000001
LPXPTNMVRIOKMN-UHFFFAOYSA-M,O=N[O-].[Na+],68.995
OEBPANQZQGQPHF-UHFFFAOYSA-N,Cn1c(NCCN(CCO)CCCc2ccc([N+](=O)[O-])cc2)cc(=O)n(C)c1=O,405.45500000000015
YOVVNQKCSKSHKT-HNNXBMFYSA-N,Cc1c(CN2CCN(C(=O)[C@H](C)O)CC2)sc2c(N3CCOCC3)nc(-c3cnc(N)nc3)nc12,498.61300000000034
FKNQFGJONOIPTF-UHFFFAOYSA-N,[Na+],22.99
RUYHIJHUVHIMIR-CVHRZJFOSA-N,C[C@H]1c2cccc(O)c2C(=O)C2=C(O)[C@]3(O)C(=O)C(C(N)=O)=C(O)[C@@H](N(C)C)[C@@H]3[C@@H](O)[C@@H]21.Cl,480.9010000000001
PLHJCIYEEKOWNM-HHHXNRCGSA-N,Cn1cncc1[C@@](N)(c1ccc(Cl)cc1)c1ccc2c(c1)c(-c1cccc(Cl)c1)cc(=O)n2C,489.40600000000023
HCFSGRMEEXUOSS-JXEXPEPMSA-N,CC(=O)[C@@]1(C)CC[C@H]2[C@@H]3C=C(C)C4=CC(=O)CC[C@]4(C)[C@H]3CC[C@@]21C,340.5070000000001
LQVXSNNAFNGRAH-QHCPKHFHSA-N,C[C@@]1(C(=O)Nc2ccc(F)nc2)CCCN1c1nc(Nc2cc(C3CC3)n[nH]2)c2cccn2n1,461.5050000000001
XXUPXHKCPIKWLR-JHUOEJJVSA-N,CCCCCCCC(=O)CC[C@@H]1[C@@H](C/C=C\CCCC(=O)OC(C)C)[C@@H](O)C[C@H]1O,424.6220000000002
MPHPHYZQRGLTBO-UHFFFAOYSA-N,CCCC1C(=O)N2C(N(C)C)=Nc3ccc(C)cc3N2C1=O,300.3620000000001
FKNQFGJONOIPTF-UHFFFAOYSA-N,[Na+],22.99
WDRYRZXSPDWGEB-UHFFFAOYSA-N,O=C(O)c1nn(Cc2ccc(Cl)cc2Cl)c2ccccc12,321.16300000000007
ONUMZHGUFYIKPM-MXNFEBESSA-N,CCCCCCCCCCNCCN[C@@]1(C)C[C@H](O[C@H]2[C@H](Oc3c4cc5cc3Oc3ccc(cc3Cl)[C@@H](O)[C@@H](NC(=O)[C@@H](CC(C)C)NC)C(=O)N[C@@H](CC(N)=O)C(=O)N[C@H]5C(=O)N[C@H]3C(=O)N[C@H](C(=O)N[C@H](C(=O)O)c5cc(O)c(CNCP(=O)(O)O)c(O)c5-c5cc3ccc5O)[C@H](O)c3ccc(c(Cl)c3)O4)O[C@H](CO)[C@@H](O)[C@@H]2O)O[C@@H](C)[C@H]1O,1755.6580000000004
ONIQOQHATWINJY-UHFFFAOYSA-N,COc1cc2nccc(Oc3ccc(NC(=O)C4(C(=O)Nc5ccc(F)cc5)CC4)cc3)c2cc1OC,501.51400000000024
FKNQFGJONOIPTF-UHFFFAOYSA-N,[Na+],22.99
BYHDFCISJXIVBV-YWUHCJSESA-M,CC1(C)S[C@@H]2[C@H](NC(=O)[C@H](N)c3ccc(O)cc3)C(=O)N2[C@H]1C(=O)[O-].[Na+],387.39300000000014
XNKCCCKFOQNXKV-ZRSCBOBOSA-N,C=CCN1CC[C@]23c4c5ccc(O)c4O[C@H]2[C@@H](OCCOCCOCCOCCOCCOCCOCCOC)CC[C@@]3(O)[C@H]1C5,651.7940000000003
PCHKPVIQAHNQLW-CQSZACIVSA-N,NC(=O)c1cccc2cn(-c3ccc([C@@H]4CCCNC4)cc3)nc12,320.396
HQUPLSLYZHKKQT-WVVFQGGUSA-N,CC[C@H]1OC(=O)[C@H](C)[C@@H](O[C@H]2C[C@@](C)(OC)[C@@H](O)[C@H](C)O2)[C@H](C)[C@@H](O[C@@H]2O[C@H](C)C[C@H](N(C)C)[C@H]2O)[C@](C)(O)C[C@@H](C)CN(C)[C@H](C)[C@@H](O)[C@]1(C)O.O,767.0110000000001
GEJDGVNQKABXKG-CFKGEZKQSA-N,COc1cc2c(cc1OC)[C@H]1C[C@@H](OC(=O)[C@@H](N)C(C)C)[C@H](CC(C)C)CN1CC2,418.57800000000026
FBQUXLIJKPWCAO-AZIFJQEOSA-N,COCc1cccc(C[C@H](O)/C=C/[C@H]2[C@H](O)CC(=O)[C@@H]2CCSCCCC(=O)OC)c1,450.5970000000003
FJQXCDYVZAHXNS-UHFFFAOYSA-N,CCC(=O)C(CC(C)N(C)C)(c1ccccc1)c1ccccc1.Cl,345.91400000000004
NXNSCUZKMVYAJQ-UHFFFAOYSA-N,CC(C)NCCCC1(C(N)=O)c2ccccc2-c2ccccc21.Cl,344.886
CNIIGCLFLJGOGP-UHFFFAOYSA-N,c1ccc2c(CC3=NCCN3)cccc2c1,210.28000000000003
RXZMMZZRUPYENV-VROPFNGYSA-N,O=C(O)CCC(=O)O.O=C(O[C@H]1CN2CCC1CC2)N1CCc2ccccc2[C@@H]1c1ccccc1,480.56100000000026
FWRFPHJSGLYXTD-UHFFFAOYSA-N,N#Cc1ccc(-c2cnc3ccc(-c4ccc(C(=O)N5CCOCC5)cc4)cn23)cc1,408.4610000000002
JODKFOVZURLVTG-UHFFFAOYSA-N,O=C(CBr)N1CC([N+](=O)[O-])([N+](=O)[O-])C1,268.023
UVIQSJCZCSLXRZ-UBUQANBQSA-N,CC(=O)O[C@H]1CC[C@@]2(C)C(=CC[C@@H]3[C@@H]2CC[C@]2(C)C(c4cccnc4)=CC[C@@H]32)C1,391.5550000000001
XPEHHUISIBFLHX-RAIGVLPGSA-N,C[C@@H](O)c1nnc([C@H]2C[C@H](NC(=O)c3cc(-c4ccccc4)no3)C2)o1,354.3660000000001
GUQNHCGYHLSITB-UHFFFAOYSA-N,CCN1CCN(c2ccc(Nc3cc(N(C)C(=O)Nc4c(Cl)c(OC)cc(OC)c4Cl)ncn3)cc2)CC1.O=P(O)(O)O,658.4800000000004
HSIBGVUMFOSJPD-NXWOVTFFSA-N,CC[C@H]1C[C@H]2C[C@H]3c4[nH]c5ccc(OC)cc5c4CCN(C2)[C@@H]13,310.44100000000003
PZFAZQUREQIODZ-LJQANCHMSA-N,O=c1ccc2ncc(=O)n3c2n1C[C@H]3CN1CCC(NCc2cc3c(cn2)OCCC3)CC1,448.5270000000003
MXNGYQJJYRVGGJ-QFIPXVFZSA-N,CC[C@H](NC(=O)c1cc(-c2ccccc2)nc2ccccc12)c1ccccc1,366.4640000000001
XYLJNLCSTIOKRM-UHFFFAOYSA-N,Brc1c(NC2=NCCN2)ccc2nccnc12,292.14000000000004
BDYYDXJSHYEDGB-UHFFFAOYSA-N,CN(C(=O)C(Cl)Cl)c1ccc(OC(=O)c2ccco2)cc1,328.151
PNAWUIKCVQSLFG-UHFFFAOYSA-N,CC1(C)CCC(C)(C)c2c1cc(C(=O)Nc1cc(F)c(C(=O)O)c(F)c1)c(O)c2Cl,437.8700000000001
DRLFMBDRBRZALE-UHFFFAOYSA-N,COc1ccc2[nH]cc(CCNC(C)=O)c2c1,232.28299999999996
FKNQFGJONOIPTF-UHFFFAOYSA-N,[Na+],22.99
LVQTUXZKLGXYIU-GWSNJHLMSA-M,C=CC[N+]1([C@H]2C[C@H]3[C@@H]4CC[C@H]5C[C@H](OC(C)=O)[C@@H](N6CCCCC6)C[C@]5(C)[C@H]4CC[C@]3(C)[C@H]2OC(=O)CC)CCCCC1.[Br-],677.8090000000001
QXTWSUQCXCWEHF-JXMROGBWSA-N,Cc1c(CN(C)C(=O)/C=C/c2cnc3c(c2)CCC(=O)N3)oc2ccccc12,375.42800000000005
OJCZPLDERGDQRJ-UHFFFAOYSA-N,CCC(=O)N(c1ccccc1)C1(COC)CCN(CCc2cccs2)CC1.O=C(O)CC(O)(CC(=O)O)C(=O)O,578.6840000000004
VYGQUTWHTHXGQB-FFHKNEKCSA-N,CCCCCCCCCCCCCCCC(=O)OC/C=C(C)/C=C/C=C(C)/C=C/C1=C(C)CCCC1(C)C,524.8740000000004
WONYMNWUJVKVII-UHFFFAOYSA-N,O=C(O)CCc1cc(I)c(Oc2ccc(O)cc2)c(I)c1,510.0650000000001
DSCFFEYYQKSRSV-KLJZZCKASA-N,CO[C@H]1[C@H](O)[C@@H](O)[C@@H](O)[C@H](O)[C@@H]1O,194.18300000000002
SGMZJAMFUVOLNK-ULWFUOSBSA-M,C[N+](C)([11CH3])CCO.[Cl-],138.62643359999998
DCGDPJCUIKLTDU-QWQRMKEZSA-N,Cc1cc([C@H](C)Nc2nccc(N3C(=O)OC[C@@H]3[C@@H](C)F)n2)ncc1-c1ccnc(C(F)(F)F)c1,490.4610000000001
HRYZWHHZPQKTII-UHFFFAOYSA-N,CCCl,64.515
COHYTHOBJLSHDF-BUHFOSPRSA-N,O=C1/C(=C2\Nc3ccccc3C2=O)Nc2ccccc21,262.26800000000003
HCYAFALTSJYZDH-UHFFFAOYSA-N,CNCCCN1c2ccccc2CCc2ccccc21,266.388
QTWZICCBKBYHDM-UHFFFAOYSA-N,CN(C)c1ccc2c(c1)Sc1cc(N(C)C)ccc1N2,285.41599999999994
RJKFOVLPORLFTN-LEKSSAKUSA-N,CC(=O)[C@H]1CC[C@H]2[C@@H]3CCC4=CC(=O)CC[C@]4(C)[C@H]3CC[C@]12C,314.46900000000005
WFPIAZLQTJBIFN-DVZOWYKESA-N,OCCN1CCN(CC/C=C2/c3ccccc3Sc3ccc(Cl)cc32)CC1,400.9750000000002
YTFHCXIPDIHOIA-DHZHZOJOSA-N,CC1(C)CCC(C)(C)c2cc(Cn3cccn3)c(/C=C/c3ccc(C(=O)O)cc3)cc21,414.54900000000015
XBMIVRRWGCYBTQ-AVRDEDQJSA-N,CC[C@H](OC(C)=O)C(C[C@H](C)N(C)C)(c1ccccc1)c1ccccc1,353.50600000000003
CEBYCSRFKCEUSW-NAYZPBBASA-N,COc1ccc(S(=O)(=O)N2c3ccc(Cl)cc3[C@](O)(c3ccccc3Cl)[C@@H]2C(=O)N2CCC[C@H]2C(N)=O)cc1OC,620.5110000000002
HZIYEEMJNBKMJH-UHFFFAOYSA-N,Cc1ccccc1-c1cc(N2CC[N+](C)(COP(=O)([O-])O)CC2)ncc1N(C)C(=O)C(C)(C)c1cc(C(F)(F)F)cc(C(F)(F)F)c1,688.6060000000004
KISZAGQTIXIVAR-VWLOTQADSA-N,O=C(O)c1ccc2c(c1)CCCC(c1ccc(Cl)cc1Cl)=C2c1ccc(O[C@H]2CCN(CCCF)C2)cc1,554.4890000000003
HDOVUKNUBWVHOX-QMMMGPOBSA-N,CC(C)[C@H](N)C(=O)OCCOCn1cnc2c(=O)nc(N)[nH]c21,324.341
ZBFDAUIVDSSISP-UHFFFAOYSA-N,COc1ccc2[nH]c([S+]([O-])Cc3ncc(C)c(OC)c3C)nc2n1,346.4120000000001
XLMALTXPSGQGBX-PGRDOPGGSA-N,CCC(=O)O[C@@](Cc1ccccc1)(c1ccccc1)[C@@H](C)CN(C)C,339.47900000000016
APVQOOKHDZVJEX-QTPLPEIMSA-N,CCCN[C@H]1CCc2nc(N)sc2C1.Cl.Cl.O,302.271
FTOAOBMCPZCFFF-UHFFFAOYSA-N,CCC1(CC)C(=O)NC(=O)NC1=O,184.195
PSGAAPLEWMOORI-PEINSRQWSA-N,CC(=O)O[C@]1(C(C)=O)CC[C@H]2[C@@H]3C[C@H](C)C4=CC(=O)CC[C@]4(C)[C@H]3CC[C@@]21C,386.53200000000027
JQBKWZPHJOEQAO-DVPVEWDBSA-N,Cc1oc(=O)oc1COC(=O)C1=C([C@H]2CCCO2)S[C@@H]2[C@@H]([C@@H](C)O)C(=O)N12,397.40500000000003
QPPBRPIAZZHUNT-UHFFFAOYSA-N,Cc1ccnc(NS(=O)(=O)c2ccc(N)cc2)n1,264.31
FLSUCZWOEMTFAQ-PRBGKLEPSA-N,C[C@@H](O)[C@H]1C(=O)N2C(C(=O)O)=C(S[C@H]3CC[S@@+]([O-])C3)S[C@H]12,349.45500000000004
GRIXGZQULWMCLU-HUTAOCTPSA-L,CO[C@@]1(NC(=O)C(C(=O)[O-])c2ccc(O)cc2)C(=O)N2C(C(=O)[O-])=C(CSc3nnnn3C)CO[C@@H]21.[Na+].[Na+],564.4440000000004
MVAWDZLMOYASSX-JPKZNVRTSA-L,COCCOCCOCCOc1cccc(C2=N[C@@](C)(C(=O)[O-])CS2)c1O.O[Mg+],439.7690000000002
FOFDIMHVKGYHRU-UHFFFAOYSA-N,S=C(NCc1ccc2c(c1)OCO2)N1CCN(c2ncnc3c2oc2ccccc23)CC1,447.5200000000002
FKNQFGJONOIPTF-UHFFFAOYSA-N,[Na+],22.99
PMZURENOXWZQFD-UHFFFAOYSA-L,O=S(=O)([O-])[O-].[Na+].[Na+],142.04299999999998
LLPOLZWFYMWNKH-CMKMFDCUSA-N,COc1ccc2c3c1O[C@H]1C(=O)CC[C@H]4[C@@H](C2)N(C)CC[C@]314,299.37000000000006
PVRFQJIRERYGTQ-UYISCHNFSA-N,CCOc1nc(N)nc2c1ncn2[C@@H]1O[C@@H]2COP(=O)(OC(C)C)O[C@H]2[C@@]1(C)F,431.3610000000002
ZBCBWPMODOFKDW-UHFFFAOYSA-N,OCCNCCO,105.137
MUQUYTSLDVKIOF-CHJKCJHBSA-N,C=CC[N@@+]12CC[C@@]34c5ccccc5N5/C=C6/[C@H]7C[C@H]8[C@@]9(CC[N@@+]8(CC=C)C/C7=C/CO)c7ccccc7N(/C=C(/[C@@H](C[C@@H]31)/C(=C\CO)C2)[C@H]54)[C@@H]69,666.9100000000002
ULBPPCHRAVUQMC-RWOHWRPJSA-N,O=C(O)C(O)C(O)C(=O)O.OC[C@H]1CNC[C@@H](O)[C@@H]1O,297.26
CRJGESKKUOMBCT-VQTJNVASSA-N,CCCCCCCCCCCCCCC[C@@H](O)[C@H](CO)NC(C)=O,343.552
JFUMHQVCWWFATH-UHFFFAOYSA-N,CCCCCCCC(=O)OCC(CO)OC(=O)CCCCCCC.CCCCCCCC(=O)OCC(O)CO.CCCCCCCCCC(=O)OCC(O)CO,809.1320000000002
UEGPKNKPLBYCNK-UHFFFAOYSA-L,CC(=O)[O-].CC(=O)[O-].[Mg+2],142.393
ADGGYDAFIHSYFI-UHFFFAOYSA-N,Nc1cc(C(F)(F)F)c(-c2nc(N3CCOCC3)nc(N3CCOCC3)n2)cn1,411.38800000000026
HLUKNZUABFFNQS-ZMBIFBSDSA-N,COc1cc2c(cc1OC)CC(=O)N(CCCN(C)C[C@H]1Cc3cc(OC)c(OC)cc31)CC2.Cl,505.05500000000035
QQQIECGTIMUVDS-UHFFFAOYSA-N,COc1ccc(C(=O)NCc2ccc(OCCN(C)C)cc2)cc1OC,358.4380000000001
OIZSVTOIBNSVOS-UHFFFAOYSA-N,Cc1cc(Nc2ccc(S(F)(F)(F)(F)F)cc2)n2nc(C(C)(F)F)nc2n1,415.338
XZWYZXLIPXDOLR-UHFFFAOYSA-N,CN(C)C(=N)NC(=N)N,129.167
LPQZKKCYTLCDGQ-WEDXCCLWSA-N,C[C@]1(Cn2ccnn2)[C@H](C(=O)O)N2C(=O)C[C@H]2S1(=O)=O,300.296
QITOONQVTOGMOJ-IUJXYRIYSA-N,C=CC(=O)Nc1cccc(Oc2nc(Nc3ccc(N4CCN(C)CC4)c(F)c3)nc3[nH]ccc23)c1.O.O.O=C(O)/C=C\C(=O)O,639.6410000000004
QXHHHPZILQDDPS-UHFFFAOYSA-N,Clc1ccc(C(Cn2ccnc2)OCc2ccsc2Cl)c(Cl)c1,387.71900000000005
NDAUXUAQIAJITI-LBPRGKRZSA-N,CC(C)(C)NC[C@H](O)c1ccc(O)c(CO)c1,239.315
WXCXUHSOUPDCQV-UHFFFAOYSA-N,CNC(=O)c1ccc(N2C(=S)N(c3ccc(C#N)c(C(F)(F)F)c3)C(=O)C2(C)C)cc1F,464.44400000000013
PWKSKIMOESPYIA-BYPYZUCNSA-N,CC(=O)N[C@@H](CS)C(=O)O,163.198
OLUJSZLBWZWGJT-HGBKYHTQSA-N,CO/N=C1/C[C@@H](CO)N(C(=O)c2ccc(-c3ccccc3C)cc2)C1,338.4070000000001
QRZAKQDHEVVFRX-UHFFFAOYSA-N,O=C(O)Cc1ccc(-c2ccccc2)cc1,212.24800000000002
HRSANNODOVBCST-UHFFFAOYSA-N,CC(C)NCC(O)c1ccc2ccccc2c1,229.323
IFRGXKKQHBVPCQ-UHFFFAOYSA-N,CC(C)c1cc(C(=O)N2Cc3ccc(CN4CCN(C)CC4)cc3C2)c(O)cc1O,409.5300000000002
PAXWQORCRCBOCU-RPDRGXCHSA-N,N[C@@H](Cc1cc(O)c(O)cc1[18F])C(=O)O,214.18293799999995
ADFCQWZHKCXPAJ-GFCCVEGCSA-N,Oc1ccc([C@H]2COc3cc(O)ccc3C2)cc1,242.274
LTNZEXKYNRNOGT-UHFFFAOYSA-N,Cc1cc(N)c2ccccc2[n+]1CCCCCCCCCC[n+]1c(C)cc(N)c2ccccc21.[Cl-].[Cl-],527.5840000000002
FVQGMXUKQAXPIP-JLTQGABHSA-N,CC[C@H]1OC(=O)C[C@@H](O)[C@H](C)[C@@H](O[C@@H]2O[C@H](C)[C@@H](O[C@H]3C[C@@](C)(O)[C@@H](OCc4ccc(F)cc4)[C@H](C)O3)[C@H](N(C)C)[C@H]2O)[C@@H](CC=O)C[C@@H](C)C(=O)/C=C/C(C)=C/[C@@H]1CO[C@@H]1O[C@H](C)[C@@H](O)[C@@H](OC)[C@H]1OC,1024.227
TYYBFXNZMFNZJT-UHFFFAOYSA-N,CNC(=O)c1c(I)c(C(=O)NCC(=O)Nc2c(I)c(C(=O)O)c(I)c(C(=O)NCCO)c2I)c(I)c(N(C)C(C)=O)c1I,1268.8829999999996
NMUSYJAQQFHJEW-KVTDHHQDSA-N,Nc1ncn([C@@H]2O[C@H](CO)[C@@H](O)[C@H]2O)c(=O)n1,244.207
FKNQFGJONOIPTF-UHFFFAOYSA-N,[Na+],22.99
CUQPTVCVZLUXJB-UHFFFAOYSA-N,CC(C)NCC(O)c1ccc(O)c(O)c1.CC(C)NCC(O)c1ccc(O)c(O)c1.O.O.O=S(=O)(O)O,556.6310000000003
HZZVJAQRINQKSD-PBFISZAISA-N,O=C(O)[C@H]1/C(=C/CO)O[C@@H]2CC(=O)N21,199.16199999999998
GDVKFRBCXAPAQJ-UHFFFAOYSA-A,O=C([O-])[O-].[Al+3].[Al+3].[Mg+2].[Mg+2].[Mg+2].[Mg+2].[Mg+2].[Mg+2].[OH-].[OH-].[OH-].[OH-].[OH-].[OH-].[OH-].[OH-].[OH-].[OH-].[OH-].[OH-].[OH-].[OH-].[OH-].[OH-],531.9140000000002
MVGWUTBTXDYMND-QGZVFWFLSA-N,O=C(O)C[C@H]1CCc2c1[nH]c1ccc(OCc3ccc(C4CCCC4)c(C(F)(F)F)c3)cc21,457.49200000000025
IEKGSKLKBICCHQ-BDOJOPHNSA-N,C/C=C\C[C@@H](C/C=C\NC(=O)[C@@H](NC(=O)/C=C\C=C/C(C)=C/[C@H](C)[C@@H]1CC=C(OC)C(=O)O1)C(C)(C)C)OC(N)=O,571.7150000000003
CHHXEZSCHQVSRE-UHFFFAOYSA-N,COc1ccc(Oc2cc(N(C)CCOc3ccc(CC4SC(=O)NC4=O)cc3)ncn2)cc1,480.54600000000016
HOPSCVCBEOCPJZ-UHFFFAOYSA-N,C[N+](C)(C)CC(=O)O.[Cl-],153.60899999999998
YEJAJYAHJQIWNU-UHFFFAOYSA-N,CN1CCCC(n2nc(Cc3ccc(Cl)cc3)c3ccccc3c2=O)CC1.Cl,418.3680000000002
DHHVAGZRUROJKS-UHFFFAOYSA-N,CC(C)(N)Cc1ccccc1,149.237
MUZRGKSNUTWRAF-BHQIMSFRSA-M,O=C([O-])C[C@H]1CC[C@H](c2ccc(-c3ccc(Nc4ccc(C(F)(F)F)nc4)cn3)cc2)CC1.[Na+],477.46200000000016
RICLFGYGYQXUFH-UHFFFAOYSA-N,Cl.O=C1CC2(CCCC2)CC(=O)N1CCCCN1CCN(c2ncccn2)CC1,421.9730000000002
XFYDIVBRZNQMJC-UHFFFAOYSA-N,Clc1ccc2nsnc2c1NC1=NCCN1,253.718
USSIQXCVUWKGNF-UHFFFAOYSA-N,CCC(=O)C(CC(C)N(C)C)(c1ccccc1)c1ccccc1,309.45300000000003
ANCJYRJLOUSQBW-JJZGMWGRSA-N,N[C@@H]1CN(c2c(F)cc3c(=O)c(C(=O)O)cn([C@@H]4C[C@@H]4F)c3c2Cl)CC12CC2.O,427.83500000000026
VZCYOOQTPOCHFL-OWOJBTEDSA-N,O=C(O)/C=C/C(=O)O,116.07199999999999
RZRWBKKAFHXNEQ-UHFFFAOYSA-N,CS(=O)(=O)c1ccccc1S(=O)(=O)NO,251.28500000000003
YUUAYBAIHCDHHD-UHFFFAOYSA-N,COC(=O)CCC(=O)CN,145.158
ZQLJWTRXKINMIN-BEJKIDSHSA-N,CC(C)C[C@H]1C(=O)N2CCC[C@H]2[C@]2(O)O[C@](NC(=O)[C@@H]3C[C@@H]4c5cccc6[nH]cc(c56)C[C@H]4N(C)C3)(C(C)C)C(=O)N12.CC(C)[C@@]1(NC(=O)[C@@H]2C[C@@H]3c4cccc5[nH]cc(c45)C[C@H]3N(C)C2)O[C@@]2(O)[C@@H]3CCCN3C(=O)[C@H](Cc3ccccc3)N2C1=O.CC(C)[C@H]1C(=O)N2CCC[C@H]2[C@]2(O)O[C@](NC(=O)[C@@H]3C[C@@H]4c5cccc6[nH]cc(c56)C[C@H]4N(C)C3)(C(C)C)C(=O)N12.CCC(C)[C@H]1C(=O)N2CCC[C@H]2[C@]2(O)O[C@](NC(=O)[C@@H]3C[C@@H]4c5cccc6[nH]cc(c56)C[C@H]4N(C)C3)(C(C)C)C(=O)N12,2330.8939999999975
LACQPOBCQQPVIT-SEYKEWMNSA-N,Br.CN1[C@@H]2C[C@@H](OC(=O)[C@H](CO)c3ccccc3)C[C@H]1[C@@H]1O[C@@H]12.O.O.O,438.31500000000017
AHEVKYYGXVEWNO-UEPZRUIBSA-N,CN(C)[C@@H]1C(O)=C(C(=O)NCNCCCC[C@H](N)C(=O)O)C(=O)[C@@]2(O)C(O)=C3C(=O)c4c(O)cccc4[C@@](C)(O)[C@H]3C[C@@H]12,602.6410000000002
FKNQFGJONOIPTF-UHFFFAOYSA-N,[Na+],22.99
ZEWQUBUPAILYHI-UHFFFAOYSA-N,CN1CCN(CCCN2c3ccccc3Sc3ccc(C(F)(F)F)cc32)CC1,407.50500000000017
BYJAVTDNIXVSPW-UHFFFAOYSA-N,c1ccc2c(c1)CCCC2C1=NCCN1,200.285
OYPPVKRFBIWMSX-SXGWCWSVSA-N,CN(C)C/C=C(/c1ccc(Br)cc1)c1cccnc1,317.22999999999996
NAKSIOUBFDBTSW-ITMZJIMRSA-N,C=C(CCCCCCCCCCCCCCCc1nnn[nH]1)NS(=O)(=O)CCCC(=O)NCCOCCOCC(=O)N[C@@H](CCC(=O)N[C@@H](CCC(=O)NCCOCCOCC(=O)N[C@@H](CCCCNC(=O)CSC[C@H](N)C(=O)O)C(N)=O)C(=O)O)C(=O)O,1308.5869999999995
HIIJZYSUEJYLMX-JZRMKITLSA-N,O=[N+]([O-])c1nccn1CC(O)C[18F],188.148938
BVPWJMCABCPUQY-UHFFFAOYSA-N,COc1cc(N)c(Cl)cc1C(=O)NC1CCN(Cc2ccccc2)CC1,373.8840000000002
WUCQGGOGHZRELS-LSCFUAHRSA-N,Nc1nc(OCCc2ccc(Cl)cc2)nc2c1ncn2[C@@H]1O[C@H](CO)[C@@H](O)[C@H]1O,421.8410000000001
GAAICKUTDBZCMT-UHFFFAOYSA-N,Cc1ccc2nc(N3CCS(=O)(=O)c4ccccc4C3)nc(NCC3(N)COC3)c2c1,439.54100000000034
CWHUFRVAEUJCEF-UHFFFAOYSA-N,Nc1cc(C(F)(F)F)c(-c2cc(N3CCOCC3)nc(N3CCOCC3)n2)cn1,410.4000000000002
APKFDSVGJQXUKY-INPOYWNPSA-N,C[C@@H]1[C@H](O)[C@@H](C)/C=C/C=C/C=C/C=C/C=C/C=C/C=C/[C@H](O[C@@H]2O[C@H](C)[C@@H](O)[C@H](N)[C@@H]2O)C[C@@H]2O[C@](O)(C[C@@H](O)C[C@@H](O)[C@H](O)CC[C@@H](O)C[C@@H](O)CC(=O)O[C@H]1C)C[C@H](O)[C@H]2C(=O)O,924.0910000000002
FKNQFGJONOIPTF-UHFFFAOYSA-N,[Na+],22.99
PAZSYTCTHYSIAO-WVFSJLEKSA-N,CC1(C)S[C@@H]2[C@H](NC(=O)[C@H](N)c3ccccc3)C(=O)N2[C@H]1C(=O)OC1OC(=O)c2ccccc21.Cl,517.9910000000003
MLDQJTXFUGDVEO-UHFFFAOYSA-N,CNC(=O)c1cc(Oc2ccc(NC(=O)Nc3ccc(Cl)c(C(F)(F)F)c3)cc2)ccn1,464.83100000000013
ZYGHJZDHTFUPRJ-UHFFFAOYSA-N,O=c1ccc2ccccc2o1,146.14499999999998
QMQBBUPJKANITL-MYXGOWFTSA-N,CCC(=O)O[C@](Cc1ccccc1)(c1ccccc1)[C@H](C)CN(C)C.Cl,375.9400000000001
LBHIOVVIQHSOQN-UHFFFAOYSA-N,O=C(NCCO[N+](=O)[O-])c1cccnc1,211.17700000000002
BLFBQJUVAGIUBL-UHFFFAOYSA-N,Cl.Cl.O.O=C(c1ccc(CN2CCOCC2)cc1)N1CCN(C2CC2)CC1,420.38100000000026
PVHUJELLJLJGLN-UHFFFAOYSA-N,CCOC(=O)C1=C(C)NC(C)=C(C(=O)OC)C1c1cccc([N+](=O)[O-])c1,360.36600000000004
ZJIHMALTJRDNQI-VFQQELCFSA-N,Cl.OC[C@H]1NC[C@H](O)[C@@H](O)[C@@H]1O,199.63400000000004
GBKONKCASNNUQD-VGHSCWAPSA-N,CCC(=O)O[C@](Cc1ccccc1)(c1ccccc1)[C@H](C)CN(C)C.O.O=S(=O)(O)c1ccc2ccccc2c1,565.7320000000003
JGGNOCUEWOGWPL-MUUNZHRXSA-N,CCCCCCCCCCCCCCCCOC[C@H](COP(=O)([O-])OCC[N+](C)(C)C)OCCCCC(=O)O,581.7720000000003
BEEDODBODQVSIM-UHFFFAOYSA-N,Cc1cc(C(C)(C)C)c(O)c(C)c1CC1=NCCN1.Cl,296.8419999999999
PZOHOALJQOFNTB-UHFFFAOYSA-M,Cc1c(-c2ccc(-c3ccccc3F)cc2)nc2ccc(F)cc2c1C(=O)[O-].[Na+],397.3560000000001
RHJLQMVZXQKJKB-FPHSVDBKSA-N,CN1CCN(C(=O)N[C@@H](Cc2ccccc2)C(=O)N[C@H](/C=C/S(=O)(=O)c2ccccc2)CCc2ccccc2)CC1,574.7470000000001
FERIUCNNQQJTOY-UHFFFAOYSA-N,CCCC(=O)O,88.10599999999998
DXPOSRCHIDYWHW-UHFFFAOYSA-N,O=C(NCCNCC(O)COc1ccc(O)cc1)N1CCOCC1,339.3920000000002
SXNZJEKZKUJFLV-UHFFFAOYSA-N,Nc1c2c(nc3c1CCCC3)CCCC2.O=C(O)CCC(=O)O,320.38900000000007
QULDDKSCVCJTPV-UHFFFAOYSA-N,COc1c(C)cnc(Cn2cnc3c(Cl)nc(N)nc32)c1C,318.7680000000001
FPIPGXGPPPQFEQ-OVSJKPMPSA-N,CC1=C(/C=C/C(C)=C/C=C/C(C)=C/CO)C(C)(C)CCC1,286.45900000000006
YKGYIDJEEQRWQH-UHFFFAOYSA-N,CCOC(=O)c1ccc(OC(=O)CCCCCNC(=N)N)cc1,321.37699999999995
HFVNWDWLWUCIHC-GUPDPFMOSA-N,C[C@]12C=CC(=O)C=C1CC[C@@H]1[C@@H]2[C@@H](O)C[C@@]2(C)[C@H]1CC[C@]2(O)C(=O)COC(=O)CCCc1ccc(N(CCCl)CCCl)cc1,646.6520000000003
QZRSNVSQLGRAID-UHFFFAOYSA-N,COCCCN1CCC(NC(=O)c2cc(Cl)c(N)c3c2OCC3)CC1.O=C(O)CCC(=O)O,485.9650000000005
JCCNYMKQOSZNPW-UHFFFAOYSA-N,CCOC(=O)N1CCC(=C2c3ccc(Cl)cc3CCc3cccnc32)CC1,382.89100000000025
JLMHZVYLAQPMOZ-UHFFFAOYSA-N,CNC(=S)NCO,120.17699999999999
UKJPMZGILXATGT-UHFFFAOYSA-N,Clc1ccc(-c2nn(Cc3ccccc3)c3c2CCNCC3)cc1,337.8540000000001
GWWLWDURRGNSRS-UHFFFAOYSA-N,CN(C)CCC=C1c2ccccc2C(C)(C)c2ccccc21,291.438
WGMYEOIMVYADRJ-UHFFFAOYSA-N,CCN(CC)CCOc1ccc2nc(N(C)C)sc2c1,293.43600000000004
MQXRTCVZPIHBLD-TUAOUCFPSA-N,C[C@H](NC(=O)[C@H](CCC(=O)O)NC(=O)CCCC[C@@H]1CCSS1)C(=O)O,406.5260000000001
OJICYBSWSZGRFB-UHFFFAOYSA-N,CCc1nc2ccc(Cl)cn2c1C(=O)NCc1ccc(N2CCC(c3ccc(OC(F)(F)F)cc3)CC2)cc1,557.0160000000001
JKOQGQFVAUAYPM-UHFFFAOYSA-N,NCCCNCCSP(=O)(O)O,214.22699999999998
QOSMEMHKXNNIGG-SSEXGKCCSA-N,CCN(C(=O)Cc1ccc(S(C)(=O)=O)cc1)C1CCN(CC[C@@H](c2cc(F)cc(F)c2)C2CCN(S(C)(=O)=O)CC2)CC1,639.831
UJNWGFBJUHIJKK-UHFFFAOYSA-N,Cc1cccc(N2CCN(CCc3ccc4ccccc4n3)CC2)c1,331.46300000000014
MCIDWGZGWVSZMK-UHFFFAOYSA-N,CC(C)N1CCN(Cc2cnc(-c3cc(-c4cccc5[nH]ccc45)cc4[nH]ncc34)o2)CC1,440.5510000000002
OFCJKOOVFDGTLY-UHFFFAOYSA-N,CC(N)Cc1ccccc1.O=C(O)CCCCC(=O)O,281.3519999999999
CORFWQGVBFFZHF-UHFFFAOYSA-N,O=C(O)CNC(=O)c1ccccc1I,305.071
LVWZTYCIRDMTEY-UHFFFAOYSA-N,Cc1c(N(C)CS(=O)(=O)O)c(=O)n(-c2ccccc2)n1C,311.36300000000006
PKZXLMVXBZICTF-UHFFFAOYSA-N,Cc1ccc(CNCC2(F)CCN(C(=O)c3ccc(F)c(Cl)c3)CC2)nc1,393.86500000000007
VFGSKBLZRDRHOI-ZAGPDIDGSA-N,Cn1ccc2c([C@H](Nc3cc(Cl)c4ncc(C#N)c(NCC(C)(C)C)c4c3)c3cn(C45CC(C4)C5)nn3)cccc2c1=O,593.1350000000003
GMTYREVWZXJPLF-SXWPHCFWSA-N,O=C(O)C(O)C(O)C(=O)O.Oc1ccc2c(c1)[C@@]13CCCC[C@@]1(O)[C@@H](C2)N(CC1CCC1)CC3,477.5540000000005
HAVFFEMDLROBGI-UHFFFAOYSA-N,O=c1[nH]nc2c3c(cccc13)Oc1ccc(CN3CCC(O)CC3)cc1-2,349.3900000000001
OBMJQRLIQQTJLR-USGQOSEYSA-N,COc1cccc2c1C(=O)c1c(O)c3c(c(O)c1C2=O)C[C@@](O)(/C(CO)=N/NC(=O)CCCCCN1C(=O)C=CC1=O)C[C@@H]3O[C@H]1C[C@H](N)[C@H](O)[C@H](C)O1,750.7580000000003
VGGGPCQERPFHOB-RDBSUJKOSA-N,CC(C)C[C@H](NC(=O)[C@@H](O)[C@H](N)Cc1ccccc1)C(=O)O,308.37800000000004
HEAHZSUCFKFERC-UHFFFAOYSA-N,CC1(C)C2CCC1(CS(=O)(=O)O)C(=O)C2=Cc1ccc(C=C2C(=O)C3(CS(=O)(=O)O)CCC2C3(C)C)cc1,562.7060000000004
RPYWXZCFYPVCNQ-RVDMUPIBSA-N,COc1ccc(/C=C2\CCCN=C2c2cccnc2)c(OC)c1,308.38100000000003
MJCBWPMBFCUHBP-UHFFFAOYSA-N,CCC1(c2ccccc2)C(=O)NC(=O)NC1=O.CNC(C)CC1CCCCC1,387.5240000000002
QMHSXPLYMTVAMK-UHFFFAOYSA-N,Cc1cc(/C=C/c2ccc3cc(N(C)C)ccc3[n+]2C)c(C)n1-c1ccccc1,382.5310000000001
ZNSIZMQNQCNRBW-UHFFFAOYSA-N,C=CCN.ClCC1CO1,149.62099999999998
JLFSBHQQXIAQEC-UHFFFAOYSA-N,O=c1[nH]nc2c3c(cccc13)N=C(CN1Cc3ccccc3C1)N2,317.35200000000003
YQYFEGTYCUQBEI-UHFFFAOYSA-N,O=C(Nc1ccc(Cl)c(S(=O)(=O)N2CCNCC2)c1O)Nc1cccc(F)c1Cl,463.3180000000001
DIOIOSKKIYDRIQ-UHFFFAOYSA-N,Cl.O=C(O)c1cn(C2CC2)c2cc(N3CCNCC3)c(F)cc2c1=O,367.8080000000001
FNYLWPVRPXGIIP-UHFFFAOYSA-N,Nc1nc(N)c2nc(-c3ccccc3)c(N)nc2n1,253.26900000000003
SQOCEMCKYDVLMM-UHFFFAOYSA-N,Cc1cc(C)nc(N2CC3CN(C(=O)c4c(F)cccc4-n4nccn4)CC3C2)n1,407.45300000000015
RUOLFWZIFNQQGH-DEOSSOPVSA-N,Cc1cc(C(=O)N2CCCCc3ccccc32)ccc1CNC(=O)N1CCC[C@H]1C(=O)N(C)C,462.59400000000034
AMEXZRFCGITZNZ-HZQSTTLBSA-N,C=C[C@H]1CN2CC[C@H]1C[C@H]2[C@H](O)c1ccnc2ccc(OC)cc12.O=S(=O)(O)O.O=S(=O)(O)O,520.5820000000002
FVJCUZCRPIMVLB-UHFFFAOYSA-N,CC(C)OCCn1c(=S)[nH]c(=O)c2[nH]ccc21,253.32700000000003
ULVDFHLHKNJICZ-QCWLDUFUSA-N,Cc1oc(-c2ccccc2)nc1COc1ccc(CO/N=C(\CCC(=O)O)c2ccccc2)cc1,470.5250000000002
IRVLBORJKFZWMI-UHFFFAOYSA-N,CCN(C)C(C)C(O)c1ccccc1,193.29
VCPMZDWBEWTGNW-UHFFFAOYSA-N,O=C(CC(c1ccccc1)c1ccccc1)N1CCN(C(c2ccccc2)c2ccccc2)CC1,460.62100000000015
YCNMAPLPQYQJFC-UHFFFAOYSA-N,COc1ccc2cc(C(C)C(=O)Oc3ccc(C(N)=S)cc3)ccc2c1,365.454
COTYYZPYDJKKIS-UNSFGCNMSA-N,O=C(O)c1nc2ccccc2n([C@@H]2C[C@H]3CCC[C@@H](C2)N3C2C[C@H]3CCC[C@@H](C2)C3)c1=O,435.5680000000003
NGKHWQPYPXRQTM-UKFSEGPMSA-N,COc1cccc2c1C(=O)c1c(O)c3c(c(O)c1C2=O)C[C@@](O)(/C(CO)=N/NC(=O)CCCCCN1C(=O)C=CC1=O)C[C@@H]3O[C@H]1C[C@H](N)[C@H](O)[C@H](C)O1.Cl,787.2190000000003
HARRKNSQXBRBGZ-GVKWWOCJSA-N,C[C@@]1(O)CC[C@H]2[C@H](CC[C@@H]3[C@@H]2CC[C@]2(C)[C@@H](C(=O)Cn4cc(C#N)cn4)CC[C@@H]32)C1,409.57400000000024
JLDCNMJPBBKAHH-UHFFFAOYSA-N,Nc1ccc(S(=O)(=O)[N-]c2ncccn2)cc1.[Na+],272.26500000000004
XROFSGVHHSJMMG-UHFFFAOYSA-N,CCN(CC)C(=O)c1ccc(C2=CC3(CCNCC3)Oc3ccccc32)c(O)c1.Cl,428.9600000000001
WINHZLLDWRZWRT-ATVHPVEESA-N,CCN(CC)CCNC(=O)c1c(C)[nH]c(/C=C2\C(=O)Nc3ccc(F)cc32)c1C,398.48200000000014
PYNXFZCZUAOOQC-UTKZUKDTSA-N,CCOC(=O)[C@H](C)C[C@@H](Cc1ccc(-c2ccccc2)cc1)NC(=O)CCC(=O)O,411.49800000000016
SYOSUEIMOYEGKU-UHFFFAOYSA-N,Cc1nc(C#Cc2ccc(-c3cc(F)cc(C#N)c3)nc2)cs1,319.364
AZAANWYREOQRFB-SETSBSEESA-N,O=C(CN1C(=O)C2(CCCC2)NC[C@H]1c1cc(F)cc(F)c1)Nc1ccc2c(c1)C[C@@]1(C2)C(=O)Nc2ncccc21,557.6010000000002
XPLZTJWZDBFWDE-OYOVHJISSA-N,Cn1cc(-c2cn3nccc3c(-c3cnn([C@]4(CC#N)C[C@@H](C#N)C4)c3)n2)cn1,383.4190000000001
LRSYFEZBIMVWRY-VWMHFEHESA-N,NCCC[C@H](N)C(=O)O.O=C(O)Cc1ccccc1,268.313
BUACSMWVFUNQET-UHFFFAOYSA-H,O.O=S(=O)([O-])[O-].O=S(=O)([O-])[O-].O=S(=O)([O-])[O-].[Al+3].[Al+3],360.168
NNBGCSGCRSCFEA-UHFFFAOYSA-N,COCCN1CCC(N(Cc2ccc(-c3ccc(C(F)(F)F)cc3)cc2)C(=O)Cn2c(SCc3cccc(F)c3F)cc(=O)c3ccccc32)CC1,735.8190000000001
ZIUSSTSXXLLKKK-KOBPDPAPSA-N,COc1cc(/C=C/C(=O)/C=C(O)/C=C/c2ccc(O)c(OC)c2)ccc1O,368.3850000000001
AVZIYZHXZAYGJS-UHFFFAOYSA-N,Cl.OC(CCCN1CCCCC1)(c1ccccc1)c1ccccc1,345.91400000000004
AFJCGBHHSKAACR-UHFFFAOYSA-L,Cc1c(CCO)sc[n+]1CCCCCCCCCCCC[n+]1csc(CCO)c1C.[Br-].[Br-],614.5540000000003
LDCRTTXIJACKKU-ONEGZZNKSA-N,COC(=O)/C=C/C(=O)OC,144.12599999999998
IPACOHTZCSBGBV-WUXDIRCFSA-N,Cc1cc(F)ccc1[C@H]1C[C@@H](N2CCN3C(=O)CC[C@H]3C2)CCN1C(=O)N(C)[C@H](C)c1cc(C(F)(F)F)cc(C(F)(F)F)c1.O=C(O)/C=C\C(=O)O,744.7050000000005
QIALRBLEEWJACW-INIZCTEOSA-N,CC(=O)O[C@H]1Cc2ccccc2N(C(N)=O)c2ccccc21,296.326
FKNQFGJONOIPTF-UHFFFAOYSA-N,[Na+],22.99
UNXRWKVEANCORM-UHFFFAOYSA-N,O=P(O)(O)OP(=O)(O)OP(=O)(O)O,257.952
AQORHZJDCHLLJN-UHFFFAOYSA-N,CCC(=O)N(c1ccccc1)C1(COC)CCN(CCn2nnn(CC)c2=O)CC1.Cl,452.98700000000025
YIDDLAAKOYYGJG-UHFFFAOYSA-N,Cc1cc(F)c(C(=O)Nc2cccc(-c3nncn3C(C)C)n2)cc1-n1cnc(C2CC2)c1,445.50200000000024
YIBOMRUWOWDFLG-ONEGZZNKSA-N,Cc1cc(/C=C/C#N)cc(C)c1Nc1ccnc(Nc2ccc(C#N)cc2)n1,366.4280000000001
IBBLRJGOOANPTQ-JKVLGAQCSA-N,CCOC(=O)[C@H](CCc1ccccc1)N[C@@H](C)C(=O)N1Cc2ccccc2C[C@H]1C(=O)O.Cl,474.9850000000003
AHYMHWXQRWRBKT-UHFFFAOYSA-N,CN1CCC(COc2cnc(-c3cccc(Cn4nc(-c5cccc(C#N)c5)ccc4=O)c3)nc2)CC1,492.58300000000025
HXLOHDZQBKCUCR-WOZUAGRISA-N,CC(C)n1c(=O)c(C(=O)N[C@H]2C[C@H]3CC[C@@H](C2)N3C[C@@H](O)CN(C)S(C)(=O)=O)cc2ccccc21,504.65300000000025
QRHDDSUGMIAILK-UHFFFAOYSA-N,CN(C)CC(C)(C)OC(=O)C(O)(c1ccccc1)c1ccccc1.Cl,363.88500000000005
IMQLKJBTEOYOSI-GPIVLXJGSA-N,O=P(O)(O)O[C@H]1[C@H](OP(=O)(O)O)[C@@H](OP(=O)(O)O)[C@H](OP(=O)(O)O)[C@@H](OP(=O)(O)O)[C@H]1OP(=O)(O)O,660.0300000000004
LDHMAVIPBRSVRG-UHFFFAOYSA-O,C[n+]1cccc(C(N)=O)c1,137.162
ZJIJAJXFLBMLCK-UHFFFAOYSA-N,FC(F)(F)C(F)(F)C(F)(F)C(F)(F)C(F)(F)C(F)(F)F,338.03799999999995
KJADKKWYZYXHBB-XBWDGYHZSA-N,CC1(C)O[C@@H]2[C@@H](CO[C@@]3(COS(N)(=O)=O)OC(C)(C)O[C@@H]23)O1,339.3660000000001
WOLHOYHSEKDWQH-UHFFFAOYSA-N,Cl.NC12CC3CC(CC(C3)C1)C2,187.71399999999994
TZKBVRDEOITLRB-UHFFFAOYSA-N,Cc1ccc(C(=O)Nc2ccc(CN3CCN(C)CC3)c(C(F)(F)F)c2)cc1C#Cc1cnc2[nH]ncc2c1,532.5700000000002
QIIVJLHCZUTGSD-CUBQBAPOSA-N,O=C(Nc1ncc(SCCN2CCCC2)s1)[C@]1(c2ccc(S(=O)(=O)C3CC3)cc2)C[C@H]1C1CCCCC1,559.823
JTNHOVZOOVVGHI-UHFFFAOYSA-N,Cc1cc(OP(=O)(O)O)c2ccccc2c1OP(=O)(O)O,334.15700000000004
BHCJHYIMNHXLOM-WVDRJWPYSA-N,CN(C(=O)c1cc(C(F)(F)F)cc(C(F)(F)F)c1)[C@@H](/C=C/C(=O)N[C@@H]1CCCCNC1=O)Cc1ccc(Cl)c(Cl)c1,624.4090000000002
HOBAELRKJCKHQD-QNEBEIHSSA-N,CCCCC/C=C\C/C=C\C/C=C\CCCCCCC(=O)O,306.49
NMRWDFUZLLQSBN-UHFFFAOYSA-N,O=S(=O)(Nc1cc(Cl)c(Oc2cnc3ccccc3c2)c(Cl)c1)c1ccc(Cl)cc1Cl,514.2170000000001
SYLKGLMBLAAGSC-QLVMHMETSA-N,NC(=O)c1cc[n+](CC2=C(C(=O)[O-])N3C(=O)[C@@H](NC(=O)[C@@H](c4ccccc4)S(=O)(=O)O)[C@H]3SC2)cc1,532.5560000000003
FKNQFGJONOIPTF-UHFFFAOYSA-N,[Na+],22.99
SZQIFWWUIBRPBZ-UHFFFAOYSA-N,CCN1C(=O)NC(c2ccccc2)C1=O,204.22899999999998
FRUCNQBAWUHKLS-PFEQFJNWSA-N,C[C@@H]1CN(Cc2ccc(F)cc2)CCN1C(=O)COc1ccc(Cl)cc1NC(N)=O.Cl,471.36000000000007
MPYLDWFDPHRTEG-IFVNMTGRSA-N,C[C@]12CCC(=NOCCN)C[C@@H]1C(=O)C[C@@H]1[C@@H]2CC[C@]2(C)C(=O)CC[C@@H]12,360.49800000000016
ZLNQQNXFFQJAID-UHFFFAOYSA-L,O=C([O-])[O-].[Mg+2],84.313
VDYRZXYYQMMFJW-UHFFFAOYSA-N,CN(C)C(C(=O)Nc1ccc2c(=O)[nH]ccc2c1)c1ccsc1,327.40900000000005
IIBBJCNVTRCTDV-QYQHSDTDSA-N,CC1=NN(c2ccc(C)c(C)c2)C(=O)/C1=N\Nc1cccc(-c2cccc(-c3nnn[nH]3)c2)c1O,466.5050000000001
FKNQFGJONOIPTF-UHFFFAOYSA-N,[Na+],22.99
HOMGKSMUEGBAAB-UHFFFAOYSA-N,O=P1(NCCCl)OCCCN1CCCl,261.08899999999994
KKHPNPMTPORSQE-UHFFFAOYSA-N,CN(C)CCOC(C)(c1ccccc1)c1ccc(Cl)cc1,303.833
SIZXNBZGPPPFHM-UHFFFAOYSA-L,O=C(CCCCC(=O)Nc1c(I)cc(I)c(C(=O)[O-])c1I)Nc1c(I)cc(I)c(C(=O)[O-])c1I.[Na+].[Na+],1183.728
JBSOOFITVPOOSY-UHFFFAOYSA-N,CCCCCCCCC=CCCCCCCC(O)C(=O)O,298.467
HAWPXGHAZFHHAD-UHFFFAOYSA-N,CN(CCCl)CCCl,156.056
HGBLNBBNRORJKI-WCABBAIRSA-N,CC1(C)S[C@@H]2[C@H](NC(=O)C3(N)CCCCC3)C(=O)N2[C@H]1C(=O)O,341.433
FKNQFGJONOIPTF-UHFFFAOYSA-N,[Na+],22.99
FKNQFGJONOIPTF-UHFFFAOYSA-N,[Na+],22.99
IDLXWTNPDREJQZ-HSOMBQIOSA-N,CC[C@H]1OC(=O)[C@H](C)[C@@H](O[C@H]2C[C@@](C)(OC)[C@@H](O)[C@H](C)O2)[C@H](C)[C@@H](O[C@@H]2O[C@H](C)C[C@H](N(C)C(C)C)[C@H]2O)[C@@]2(C)CC(C)=C(O2)[C@H](C)C(=O)[C@]1(C)OC.O=C(O)/C=C/C(=O)O,872.0590000000001
KWJDHELCGJFUHW-SFTDATJTSA-N,COC(=O)N[C@@H](Cc1ccccc1)C(=O)N[C@@H](Cc1ccc(NS(=O)(=O)O)cc1)c1csc(-c2cccs2)n1,586.7170000000002
SWKDMSRRIBZZAY-UHFFFAOYSA-N,Cl.c1ccc(CN(CC2=NCCN2)c2ccccc2)cc1,301.821
CMJCXYNUCSMDBY-ZDUSSCGKSA-N,COC(=O)N[C@@H](C)CNc1nccc(-c2cn(C(C)C)nc2-c2cc(Cl)cc(NS(C)(=O)=O)c2F)n1,540.0210000000002
IGEOJNMYRZUKIK-IBGZPJMESA-N,C[C@@H]1CN(c2nc(-n3ccc(OCCC4(C(F)(F)F)CC4)n3)ccc2C(=O)NS(=O)(=O)c2ccccc2)C(C)(C)C1,591.6560000000001
WTXWDXWZGJGIHV-URBCHYCLSA-N,C[C@@H]1OC(=O)N[C@@H]1C(=O)N[C@@H](Cc1cscn1)C(=O)N1CCC[C@H]1C,366.4430000000002
HHGRMHMXKPQNGF-WNSNRMDMSA-N,C[C@H](CC#CC(C)(C)O)[C@H]1CC[C@@H]2/C(=C/C=C3C[C@@H](O)C[C@H](O)C3)CCC[C@@]21C,400.60300000000024
JQQZCIIDNVIQKO-UHFFFAOYSA-N,CCCCCCCCCCCCCC(=O)NCCC[N+](C)(C)Cc1ccccc1.[Cl-],439.12800000000016
CZFFBEXEKNGXKS-UHFFFAOYSA-N,Cc1nnc(C(=O)NC(C)(C)c2nc(C(=O)NCc3ccc(F)cc3)c(O)c(=O)n2C)o1,444.4230000000002
BZTIJCSHNVZMES-UHFFFAOYSA-N,O=c1[nH]c(Cc2ccccn2)nc2c1cnn2C1CCOCC1,311.34500000000014
CTPKSRZFJSJGML-UHFFFAOYSA-N,CCN(CC)C(=S)SC(=S)N(CC)CC,264.485
OLDRWYVIKMSFFB-SSPJITILSA-N,Cl.O=C1c2cccc3c2[C@H](CCC3)CN1[C@@H]1CN2CCC1CC2,332.8750000000001
FKNQFGJONOIPTF-UHFFFAOYSA-N,[Na+],22.99
XSVMFMHYUFZWBK-NSHDSACASA-N,CCN(C)C(=O)Oc1cccc([C@H](C)N(C)C)c1,250.34199999999998
YPELFRMCRYSPKZ-UHFFFAOYSA-N,CCOc1cc(N)c(Cl)cc1C(=O)NCC1CN(Cc2ccc(F)cc2)CCO1,421.9000000000002
ZZWJKLGCDHYVMB-BWGXUDETSA-N,C[C@H](NC(=O)C(C)(F)F)[C@H](Oc1ccc2c(cnn2-c2cccc(C(=O)N[C@@H]3CCOC3)c2)c1)c1ccc2c(c1)OCCO2,606.6260000000002
BCGWQEUPMDMJNV-UHFFFAOYSA-N,CN(C)CCCN1c2ccccc2CCc2ccccc21,280.415
CHDPSNLJFOQTRK-LMOVPXPDSA-N,CC(C)NC[C@H](O)COc1ccc(CCOCC2CC2)cc1.Cl,343.89500000000004
HPBNRIOWIXYZFK-UHFFFAOYSA-N,N=C(N)NCC1COC2(CCCCC2)O1,213.28099999999992
WGOJWDWKHJHXSV-UHFFFAOYSA-N,CC(C)(CCC(C(N)=O)(c1ccccc1)c1ccccc1)N1CC(Oc2cccc(O)c2)C1,444.5750000000002
FKNQFGJONOIPTF-UHFFFAOYSA-N,[Na+],22.99
FKNQFGJONOIPTF-UHFFFAOYSA-N,[Na+],22.99
IUJDSEJGGMCXSG-UHFFFAOYSA-N,CCCC(C)C1(CC)C(=O)NC(=S)NC1=O,242.34400000000002
FBPFZTCFMRRESA-JGWLITMVSA-N,OC[C@@H](O)[C@@H](O)[C@H](O)[C@@H](O)CO,182.172
BKRIRZXWWALTPU-UHFFFAOYSA-N,COC(=O)c1ccc(-c2ccc(C(=O)OC)cc2)cc1,270.284
LKYQLAWMNBFNJT-UHFFFAOYSA-N,CCOC(=O)C1(c2ccccc2)CCN(CCc2ccc(N)cc2)CC1,352.47800000000007
NPTDXIXCQCFGKC-UHFFFAOYSA-N,COc1cc(O)c(C(=O)Nc2nc(C(=O)NCCN(C(C)C)C(C)C)cs2)cc1OC.Cl.O.O.O,541.0670000000001
JOYRKODLDBILNP-UHFFFAOYSA-N,CCOC(N)=O,89.09400000000001
SQJXTUJMBYVDBB-RQXXJAGISA-N,COC(=O)N1CCC(CC#Cc2nc(N)c3ncn([C@@H]4O[C@H](C(=O)NC5CC5)[C@@H](O)[C@H]4O)c3n2)CC1,499.52800000000025
DBPWSSGDRRHUNT-CEGNMAFCSA-N,CC(=O)[C@@]1(O)CC[C@H]2[C@@H]3CCC4=CC(=O)CC[C@]4(C)[C@H]3CC[C@@]21C,330.4680000000001
WYVVKGNFXHOCQV-UHFFFAOYSA-N,CCCCNC(=O)OCC#CI,281.09299999999996
JFIWEPHGRUDAJN-DYUFWOLASA-N,C#C[C@@]1(O)[C@@H](CO)O[C@@H](n2ccc(N)nc2=O)[C@@H]1O,267.241
COVZYZSDYWQREU-UHFFFAOYSA-N,CS(=O)(=O)OCCCCOS(C)(=O)=O,246.30599999999998
QAFZLTVOFJHYDF-UHFFFAOYSA-N,Cc1cnc(Nc2ccc(OCCN3CCCC3)cc2)nc1Nc1cccc(S(=O)(=O)NC(C)(C)C)c1.Cl.Cl.O,615.6280000000002
MBBCVAKAJPKAKM-UHFFFAOYSA-N,O=C(NC1CCN(CCCCC2(C(=O)NCC(F)(F)F)c3ccccc3-c3ccccc32)CC1)c1ccccc1-c1ccc(C(F)(F)F)cc1,693.7320000000003
NPUKDXXFDDZOKR-LLVKDONJSA-N,CCOC(=O)c1cncn1[C@H](C)c1ccccc1,244.294
FLKYBGKDCCEQQM-WYUVZMMLSA-M,Cc1nnc(SCC2=C(C(=O)[O-])N3C(=O)[C@@H](NC(=O)Cn4cnnn4)[C@H]3SC2)s1.[Na+],476.5010000000002
WQZGKKKJIJFFOK-ZZWDRFIYSA-N,OC[C@@H]1OC(O)[C@@H](O)[C@H](O)[C@H]1O,180.156
ZQHFZHPUZXNPMF-UHFFFAOYSA-N,NC(N)=Nc1nc(CSCCN/C=N/S(=O)(=O)c2ccc(Br)cc2)cs1,477.4350000000001
POJWUDADGALRAB-UHFFFAOYSA-N,NC(=O)NC1NC(=O)NC1=O,158.117
ARHWPKZXBHOEEE-UHFFFAOYSA-N,C=CCOc1ccc(CC(=O)O)cc1Cl,226.659
DBAKFASWICGISY-DASCVMRKSA-N,CN(C)CC[C@@H](c1ccc(Cl)cc1)c1ccccn1.O=C(O)/C=C\C(=O)O,390.86700000000013
NJBFOOCLYDNZJN-UHFFFAOYSA-N,O=C(CCBr)N1CCN(C(=O)CCBr)CC1,356.058
DCSUBABJRXZOMT-UHFFFAOYSA-N,COc1cc(N)c(Cl)cc1C(=O)NC1CCN(CCCOc2ccc(F)cc2)CC1OC,465.9530000000003
PPHTXRNHTVLQED-UHFFFAOYSA-N,Cc1ccc(F)cc1C(=O)Nc1ccc(C(=O)N2Cc3cccn3Cc3ccccc32)c(Cl)c1,473.9350000000003
RBBWCVQDXDFISW-UHFFFAOYSA-N,CC(C)=CCC1C(=O)N(c2ccccc2)N(c2ccccc2)C1=O,320.3920000000001
IAKHMKGGTNLKSZ-INIZCTEOSA-N,COc1cc2c(c(OC)c1OC)-c1ccc(OC)c(=O)cc1[C@@H](NC(C)=O)CC2,399.4430000000002
SVSFIELZISOJDT-XRZFDKQNSA-N,CN(C)CCn1nnnc1SCC1=C(C(=O)O)N2C(=O)[C@@H](NC(=O)Cc3csc(N)n3)[C@H]2SC1.Cl,562.1030000000002
IXZOHGPZAQLIBH-NRFANRHFSA-N,O=C1CC[C@H](N2Cc3c(OCc4ccc(CN5CCOCC5)cc4)cccc3C2=O)C(=O)N1,449.50700000000023
VZCCETWTMQHEPK-QNEBEIHSSA-N,CCCCC/C=C\C/C=C\C/C=C\CCCCC(=O)O,278.4359999999999
BDSYKGHYMJNPAB-LICBFIPMSA-N,CCC(=O)O[C@]1(C(=O)CCl)[C@@H](C)C[C@H]2[C@@H]3C[C@H](F)C4=CC(=O)C=C[C@]4(C)[C@@]3(F)[C@@H](O)C[C@@]21C,484.9670000000002
SGDBTWWWUNNDEQ-GFCCVEGCSA-N,N[C@H](Cc1ccc(N(CCCl)CCCl)cc1)C(=O)O,305.205
UWWDHYUMIORJTA-HSQYWUDLSA-N,CCOC(=O)[C@H](CCc1ccccc1)N[C@@H](C)C(=O)N1Cc2cc(OC)c(OC)cc2C[C@H]1C(=O)O,498.5760000000004
NOZIJMHMKORZBA-KJCUYJGMSA-N,CCCCCCO[C@@H](C)c1cccc(-c2csc(NC(=O)c3cc(Cl)c(/C=C(\C)C(=O)O)c(Cl)c3)n2)c1OC,591.5570000000001
AUNGANRZJHBGPY-SCRDCRAPSA-N,Cc1cc2nc3c(=O)[nH]c(=O)nc-3n(C[C@H](O)[C@H](O)[C@H](O)CO)c2cc1C,376.36900000000014
MSWZFWKMSRAUBD-IVMDWMLBSA-N,N[C@H]1C(O)O[C@H](CO)[C@@H](O)[C@@H]1O,179.17200000000003
FIOAEFCJGZJUPW-FTLVODPJSA-N,CC(C)CCC[C@@H](C)[C@H]1CC[C@H]2[C@@H]3CC=C4C[C@@H](O)CC[C@]4(CI)[C@H]3CC[C@]12C,512.5600000000002
FKNQFGJONOIPTF-UHFFFAOYSA-N,[Na+],22.99
QVPSGVSNYPRFAS-UHFFFAOYSA-N,CC(COc1ccccc1)NC(C)C(O)c1ccc(O)cc1.Cl,337.84700000000004
WVAKABMNNSMCDK-UHFFFAOYSA-N,NC(=O)NS(=O)(=O)c1ccc(N)cc1,215.234
ULVBLFBUTQMAGZ-RTNCXNSASA-N,CCCC[C@]1(CC)CS(=O)(=O)c2ccc(N(C)C)cc2[C@@H](c2cccc(NC(=O)N[C@@H]3O[C@H](COS(=O)(=O)O)[C@@H](O)[C@H](OCc4ccccc4)[C@H]3O)c2)[C@H]1O,805.9690000000005
UKIYDXCFKFLIMU-UHFFFAOYSA-M,CC(=O)Nc1c(I)c(C(=O)[O-])c(I)c(N(C)C(C)=O)c1I.[Na+],649.9240000000002
YCYMCMYLORLIJX-SNVBAGLBSA-N,CCCCCC[C@@H](CCC)C(=O)O,186.295
VJKRBRUNEOHPBS-BUPULCDWSA-N,C[C@]12CC[C@H]3[C@@H](CCC4=CC(=O)CC[C@@H]43)[C@@H]1C[C@H]1O[C@@H](c3ccco3)O[C@]12C(=O)CF,428.50000000000017
XTTZERNUQAFMOF-QMMMGPOBSA-N,C[C@H]1CNCCc2ccc(Cl)cc21,195.69299999999998
UJOUWHLYTQFUCU-WXXKFALUSA-N,CCc1nc(C(N)=O)c(Nc2ccc(N3CCC(N4CCN(C)CC4)CC3)c(OC)c2)nc1NC1CCOCC1.CCc1nc(C(N)=O)c(Nc2ccc(N3CCC(N4CCN(C)CC4)CC3)c(OC)c2)nc1NC1CCOCC1.O=C(O)/C=C/C(=O)O,1221.5199999999993
FKNQFGJONOIPTF-UHFFFAOYSA-N,[Na+],22.99
SGRYPYWGNKJSDL-UHFFFAOYSA-N,CC(C)c1ccc2oc3nc(N)c(C(=O)O)cc3c(=O)c2c1,298.298
WZOZEZRFJCJXNZ-ZBFHGGJFSA-N,CO[C@@]1(NC(=O)Cc2cccs2)C(=O)N2C(C(=O)O)=C(COC(N)=O)CS[C@@H]21,427.4600000000002
AGMMTXLNIQSRCG-UHFFFAOYSA-N,CCC1NC(=O)c2cc(S(N)(=O)=O)c(Cl)cc2N1,289.74399999999997
LENZDBCJOHFCAS-UHFFFAOYSA-N,NC(CO)(CO)CO,121.136
HCWPIIXVSYCSAN-OIOBTWANSA-N,[223Ra],223.0185022
MZYVOFLIPYDBGD-MLZQUWKJSA-N,C[C@H](N[C@@H](CCc1ccccc1)C(=O)O)C(=O)N1CCC[C@H]1C(=O)O.O.O,384.42900000000026
CPFJLLXFNPCTDW-BWSPSPBFSA-N,CN1[C@@H]2CC[C@H]1C[C@@H](OC(c1ccccc1)c1ccccc1)C2.CS(=O)(=O)O,403.54400000000015
ZNPOCLHDJCAZAH-OEAKJJBVSA-N,CO/N=C1\CN(c2nc3c(cc2F)c(=O)c(C(=O)O)cn3C2CC2)CC12CNC2,401.3980000000002
DNVVZWSVACQWJE-UHFFFAOYSA-N,Nc1ccc(C(=O)Oc2ccccc2)c(O)c1,229.23500000000004
QZFHIXARHDBPBY-UHFFFAOYSA-N,COC(=O)Nc1c(N)nc(-c2nn(Cc3ccccc3F)c3ncc(F)cc23)nc1N,426.3870000000001
ZRYHPQCHHOKSMD-UHFFFAOYSA-N,C[N+]1(C)CCN(CC(O)(c2ccccc2)C2CCCCC2)CC1,317.49700000000024
FKNQFGJONOIPTF-UHFFFAOYSA-N,[Na+],22.99
IOOWNWLVCOUUEX-WPRPVWTQSA-N,O=C(O)C[C@@H]1CC[C@H](NC(=O)Cc2cccs2)B(O)O1,297.141
UIKROCXWUNQSPJ-VIFPVBQESA-N,CN1C(=O)CC[C@H]1c1cccnc1,176.21900000000002
GEFQWZLICWMTKF-CDUCUWFYSA-N,C[C@H](N)[C@H](O)c1ccc(O)c(O)c1,183.207
PHPUXYRXPHEJDF-UHFFFAOYSA-N,CC(=O)Oc1ccc(C2(c3ccc(OC(C)=O)cc3)C(=O)Nc3ccccc32)cc1,401.41800000000006
SJKBXKKZBKCHET-UQIIZPHYSA-N,CC[C@@]1(O)C(=O)OCc2c1cc1n(c2=O)Cc2c-1nc1ccccc1c2CCNC(C)C.Cl,469.9690000000001
LFQDNHWZDQTITF-UHFFFAOYSA-N,OB1OCc2cc(F)ccc21,151.933
HCBIBCJNVBAKAB-UHFFFAOYSA-N,CCN(CC)CCOC(=O)c1ccc(N)cc1.Cl,272.776
JTEGQNOMFQHVDC-NKWVEPMBSA-N,Nc1ccn([C@@H]2CS[C@H](CO)O2)c(=O)n1,229.261
SNICXCGAKADSCV-UHFFFAOYSA-N,CN1CCCC1c1cccnc1,162.236
XSFJVAJPIHIPKU-XWCQMRHXSA-N,CC1(C)O[C@@H]2C[C@H]3[C@@H]4C[C@H](F)C5=CC(=O)C=C[C@]5(C)[C@H]4[C@@H](O)C[C@]3(C)[C@]2(C(=O)CO)O1,434.50400000000025
WLQZEFFFIUHSJB-UHFFFAOYSA-N,CS(=O)(=O)O.O.O.O.O=C1Cc2cc(CCN3CCN(c4nsc5ccccc45)CC3)c(Cl)cc2N1,563.0980000000002
OUNXGNDVWVPCOL-UHFFFAOYSA-N,CNCc1cn(S(=O)(=O)c2cccc(F)c2)c(-c2ccc(F)cc2F)c1OC,410.4170000000001
GMYLVKUGJMYTFB-UHFFFAOYSA-N,CCN1C(=O)CNc2ncc(-c3ccc(-c4nc[nH]n4)nc3C)nc21,336.3590000000001
XWAIAVWHZJNZQQ-UHFFFAOYSA-N,COc1cc2c(cc1OC)C(=O)C(CC1CCN(Cc3ccccc3)CC1)C2.Cl,415.9610000000002
HEDRZPFGACZZDS-UHFFFAOYSA-N,ClC(Cl)Cl,119.37800000000001
GYLDXIAOMVERTK-UHFFFAOYSA-N,CC(C)n1nc(-c2ccc3oc(N)nc3c2)c2c(N)ncnc21,309.333
HVASDHJNLYRZEA-UHFFFAOYSA-I,O=C([O-])CN(CCN(CC(=O)[O-])CC(=O)[O-])CCN(CC(=O)[O-])CC(=O)[O-].[Na+].[Na+].[Na+].[Zn+2],522.6690000000002
XPFRXWCVYUEORT-UHFFFAOYSA-N,NC(=O)NC(=O)Cc1ccccc1,178.191
VTHJTEIRLNZDEV-UHFFFAOYSA-L,[Mg+2].[OH-].[OH-],58.31900000000001
ILKJAFIWWBXGDU-MOGDOJJUSA-N,CC(=O)OCC(=O)[C@@]12OC3(CCCC3)O[C@@H]1C[C@H]1[C@@H]3CCC4=CC(=O)C=C[C@]4(C)[C@@]3(F)[C@@H](O)C[C@@]12C,502.5790000000003
TTWJBBZEZQICBI-UHFFFAOYSA-N,CCN(CC)CCNC(=O)c1cc(Cl)c(N)cc1OC,299.8020000000001
VCFBPAOSTLMYIV-SANMLTNESA-N,CS(=O)(=O)Nc1ccc(C(=O)O[C@@H](Cc2c(Cl)c[n+]([O-])cc2Cl)c2ccc(OC(F)F)c(OCC3CC3)c2)cc1OCC1CC1,687.5449999999997
CHNUOJQWGUIOLD-NFZZJPOKSA-N,CC(/C=C1\SC(=S)N(CC(=O)O)C1=O)=C\c1ccccc1,319.407
DNHPDWGIXIMXSA-CXNSMIOJSA-N,CN1Cc2c(Cl)cc(Cl)cc2[C@H](c2cccc(S(=O)(=O)NCCOCCOCCNC(=O)NCCCCNC(=O)NCCOCCOCCNS(=O)(=O)c3cccc([C@@H]4CN(C)Cc5c(Cl)cc(Cl)cc54)c3)c2)C1,1145.0699999999995
FNPXMHRZILFCKX-KAJVQRHHSA-N,CCOC(=O)O[C@]1(C(=O)COC(=O)CC)CC[C@H]2[C@@H]3CCC4=CC(=O)C=C[C@]4(C)[C@H]3[C@@H](O)C[C@@]21C,488.5770000000002
IVDHYUQIDRJSTI-UHFFFAOYSA-N,CNC(=O)c1cc(Oc2ccc(NC(=O)Nc3ccc(Cl)c(C(F)(F)F)c3)cc2)ccn1.Cc1ccc(S(=O)(=O)O)cc1,637.0360000000003
RZJQGNCSTQAWON-UHFFFAOYSA-N,CS(=O)(=O)c1ccc(C2=C(c3ccccc3)C(=O)OC2)cc1,314.3620000000001
OHCPNHFLPCVWRG-YQOGLFJVSA-N,CCN(CC)Cc1ccc(OCC[C@H]2CCC3C4C(CC[C@@]32C)c2ccc(O)cc2C[C@H]4C)c(OC)c1,505.74300000000034
QIQSYARFOIKJJR-LUTWCBITSA-N,CC/C=C\C/C=C\C/C=C\C/C=C\C/C=C\C/C=C\CCC(=O)O.CC/C=C\C/C=C\C/C=C\C/C=C\C/C=C\CCCC(=O)O.CC/C=C\C/C=C\C/C=C\C/C=C\C/C=C\CCCCC(=O)O.CC/C=C\C/C=C\C/C=C\C/C=C\C/C=C\CCCCCC(=O)O.CC/C=C\C/C=C\C/C=C\C/C=C\CCCCCCC(=O)O.CC/C=C\C/C=C\C/C=C\CCCCCCCC(=O)O.CCCCC/C=C\C/C=C\C/C=C\C/C=C\C/C=C\CCC(=O)O.CCCCC/C=C\C/C=C\C/C=C\CCCCC(=O)O.CCCCC/C=C\C/C=C\CCCCCCCC(=O)O,2750.260999999997
BJCJYEYYYGBROF-UHFFFAOYSA-N,Cc1ncc(NC(=O)c2ccc(CN3CCN(C)CC3)c(C(F)(F)F)c2)cc1Nc1nccc(-c2cccnc2)n1,562.6000000000001
LRAJHPGSGBRUJN-OMIVUECESA-N,CO/N=C(\C(=O)N[C@@H]1C(=O)N2C(C(=O)O)=C(C[N+]3(C)CCCC3)CS[C@H]12)c1csc(N)n1.Cl.O.[Cl-],571.5090000000002
CZRQXSDBMCMPNJ-ZUIPZQNBSA-N,NCCCC[C@H](N[C@@H](CCc1ccccc1)C(=O)O)C(=O)N1CCC[C@H]1C(=O)O.O.O,441.5250000000003
ZXKXJHAOUFHNAS-FVGYRXGTSA-N,CCN[C@@H](C)Cc1cccc(C(F)(F)F)c1.Cl,267.7219999999999
CYOHGALHFOKKQC-UHFFFAOYSA-N,Cn1cnc2c(F)c(Nc3ccc(Br)cc3Cl)c(C(=O)NOCCO)cc21,457.68700000000024
VHYCDWMUTMEGQY-UHFFFAOYSA-N,CC(C)NCC(O)COc1ccc(COCCOC(C)C)cc1,325.449
FKNQFGJONOIPTF-UHFFFAOYSA-N,[Na+],22.99
WQVZLXWQESQGIF-UHFFFAOYSA-N,CC(CCc1ccccc1)NCC(O)c1ccc(O)c(C(N)=O)c1.Cl,364.8730000000001
IBGLGMOPHJQDJB-IHRRRGAJSA-N,O[C@H]1CC[C@H](Nc2ncc3nc(Nc4c(F)cc(F)cc4F)n([C@H]4CCOC4)c3n2)CC1,448.4490000000003
VSGNNIFQASZAOI-UHFFFAOYSA-L,CC(=O)[O-].CC(=O)[O-].[Ca+2],158.166
NZWOPGCLSHLLPA-UHFFFAOYSA-N,CC(=O)OC(C)C[N+](C)(C)C,160.237
SWECWXGUJQLXJF-BTJKTKAUSA-N,CC(C1=C(CCN(C)C)Cc2ccccc21)c1ccccn1.O=C(O)/C=C\C(=O)O,408.4980000000001
DMKSVUSAATWOCU-HROMYWEYSA-N,CCOC(=O)O[C@]1(C(=O)OCCl)CC[C@H]2[C@@H]3CCC4=CC(=O)C=C[C@]4(C)[C@H]3[C@@H](O)C[C@@]21C,466.95800000000025
OVBPIULPVIDEAO-LBPRGKRZSA-N,Nc1nc(=O)c2nc(CNc3ccc(C(=O)N[C@@H](CCC(=O)O)C(=O)O)cc3)cnc2[nH]1,441.40400000000017
OPGSFDUODIJJGF-JBUZINEHSA-N,CC1/C=C/C=C/C=C/C=C/C=C/C=C/C=C/C(OC2O[C@H](C)[C@@H](O)[C@H](N)[C@@H]2O)CC(O)C(C(=O)O)C(O)CC(=O)CC(O)CC(O)CC(O)CC(=O)CCCC(=O)CC(=O)OC1C(C)CC(C)C(O)CC(=O)c1ccc(N)cc1,1109.3169999999998
ROBVIMPUHSLWNV-UHFFFAOYSA-N,CCC1(c2ccc(N)cc2)CCC(=O)NC1=O,232.28299999999996
WVVSZNPYNCNODU-XTQGRXLLSA-N,C[C@@H](CO)NC(=O)[C@@H]1C=C2c3cccc4[nH]cc(c34)C[C@H]2N(C)C1,325.4120000000001
WPNJAUFVNXKLIM-UHFFFAOYSA-N,COc1nc(C)nc(Cl)c1NC1=NCCN1,241.68200000000002
JBVWKTQYMFTKMW-MSQVLRTGSA-N,CC(O)CN(C)C.CC(O)CN(C)C.CC(O)CN(C)C.O=c1[nH]cnc2c1ncn2[C@@H]1O[C@H](CO)[C@@H](O)[C@H]1O,577.7240000000004
HJJDBAOLQAWBMH-YCRCPZNHSA-N,CO/N=C(\C(=O)N[C@@H]1C(=O)N2C(C(=O)O)=C(CSc3nnnn3C)CS[C@H]12)c1csc(N)n1,511.57100000000014
YEEZWCHGZNKEEK-UHFFFAOYSA-N,COc1cc(C(=O)NS(=O)(=O)c2ccccc2C)ccc1Cc1cn(C)c2ccc(NC(=O)OC3CCCC3)cc12,575.6870000000001
AZFLJNIPTRTECV-FUMNGEBKSA-N,C[C@]12CCC3=C4CCC(=O)C=C4CC[C@H]3[C@@H]1CC[C@@]2(O)CC#N,311.425
GVVUZBSCYAVFTI-IYARVYRRSA-N,O=c1[nH]c(=O)c(Cc2cccc(C(F)(F)F)c2)c([C@H]2CC[C@H](c3ccccc3)CC2)[nH]1,428.4540000000002
XEEQGYMUWCZPDN-UHFFFAOYSA-N,OC(c1cc(C(F)(F)F)nc2c(C(F)(F)F)cccc12)C1CCCCN1,378.31600000000014
ANOMHKZSQFYSBR-UHFFFAOYSA-N,Cl.Cl.OCCOCCN1CCN(C(c2ccccc2)c2ccc(Cl)cc2)CC1,447.8340000000002
FKNQFGJONOIPTF-UHFFFAOYSA-N,[Na+],22.99
YKPYIPVDTNNYCN-INIZCTEOSA-N,CC1(C)SCCN(S(=O)(=O)c2ccc(Oc3ccncc3)cc2)[C@H]1C(=O)NO,423.5160000000001
BTBHLEZXCOBLCY-QGZVFWFLSA-N,CCOc1ncc(C)c2c1[C@H](c1ccc(C#N)cc1OC)C(C(N)=O)=C(C)N2,378.4320000000002
JRHNIQQUVJOPQC-AQNFWKISSA-N,Cc1cc(=O)oc2cc(O[C@@H]3SC[C@@H](O)[C@H](O)[C@H]3O)ccc12,324.35400000000004
OANCEOSLKSTLTA-REWPJTCUSA-N,CN(C)C(=O)COc1ccc2c(c1)C[C@@H](NC[C@H](O)c1ccc(O)c(CCO)c1)CC2,428.5290000000002
FKNQFGJONOIPTF-UHFFFAOYSA-N,[Na+],22.99
IZLOSIXADNUSCM-ACRUOGEOSA-N,O=C(O)CC[C@H](NP(=O)(O)OCCC[C@H](NC(=O)CC[C@H](NC(=O)CCCCCNC(=O)c1ccc(F)cc1)C(=O)O)C(=O)O)C(=O)O,706.6140000000006
WJEOLQLKVOPQFV-UHFFFAOYSA-N,Cc1ccc(NC(=O)c2ccc(CN3CCN(C)CC3)cc2)cc1Nc1nc(-c2cccnc2)cs1,498.6560000000002
FKNQFGJONOIPTF-UHFFFAOYSA-N,[Na+],22.99
MJIHNNLFOKEZEW-RUZDIDTESA-N,Cc1c(OCC(F)(F)F)ccnc1C[S@@+]([O-])c1nc2ccccc2[nH]1,369.3680000000001
VOYCNOJFAJAILW-CAMHOICYSA-N,CSCC[C@H](N)C(=O)N[C@@]1(C(=O)O)CS(=O)(=O)[C@H]2[C@H](C(=O)O)[C@H]21,366.4170000000001
FUFVKLQESJNNAN-RIMUKSHESA-M,C[N+]1(C)[C@@H]2CC[C@H]1C[C@@H](OC(=O)C(O)c1ccccc1)C2.[Br-],370.28700000000003
GBJVVSCPOBPEIT-UHFFFAOYSA-N,CCN(CCCOc1ccc2c(Nc3cc(CC(=O)Nc4cccc(F)c4)[nH]n3)ncnc2c1)CCOP(=O)(O)O,587.5490000000003
NTCZXUFXVRQSMX-UHFFFAOYSA-N,Cl[TeH]1(Cl)(Cl)OCCO1,295.0190000000001
LYYVFHRFIJKPOV-UHFFFAOYSA-N,CC(=O)c1c(C)c2cnc(Nc3ccc(N4CCNCC4)cn3)nc2n(C2CCCC2)c1=O.O=S(=O)(O)CCO,573.6760000000004
BMKDZUISNHGIBY-UHFFFAOYSA-N,CC(CN1CC(=O)NC(=O)C1)N1CC(=O)NC(=O)C1,268.27299999999997
JXSVVZKPEDIRTN-DHZHZOJOSA-N,Cc1cc(C(=O)Nc2cc(Nc3ccc4c(/C=C/c5ccccn5)n[nH]c4c3)ccc2F)n(C)n1,467.5080000000001
RDSACQWTXKSHJT-NSHDSACASA-N,COc1cc(F)c(F)c(Nc2ccc(I)cc2F)c1NS(=O)(=O)C1(C[C@H](O)CO)CC1,572.3430000000001
FKNQFGJONOIPTF-UHFFFAOYSA-N,[Na+],22.99
IFGIYSGOEZJNBE-KNLJMPJLSA-N,C[N+]1(CC2CC2)CC[C@]23c4c5ccc(O)c4O[C@H]2C(=O)CC[C@@]3(O)[C@H]1C5.[Br-],436.34600000000023
ZMELOYOKMZBMRB-DLBZAZTESA-N,C[C@@H]1CN(Cc2ccc(F)cc2)[C@@H](C)CN1C(=O)c1cc2c(C(=O)C(=O)N(C)C)cn(C)c2cc1Cl,513.0130000000003
SZFPYBIJACMNJV-UHFFFAOYSA-N,CCCCCCCCCCCCCCCCCCOP(=O)([O-])OC1CC[N+](C)(C)CC1,461.6680000000002
GTQLIPQFXVKRKJ-HYRAKNMCSA-N,COC(=O)[C@H]1[C@@H](c2ccc(F)cc2)C[C@@H]2CC[C@H]1N2C/C=C/[123I],425.274589
FVTWTVQXNAJTQP-UHFFFAOYSA-N,OC(c1ccccc1)(c1ccccc1)C12CC[N+](CCOCc3ccccc3)(CC1)CC2,428.5960000000003
DFELGYQKEOCHOA-RBXNTRDFSA-N,CC#C[C@]1(O)CCC2C3CCC4=CC(=O)CCC4=C3[C@@H](c3ccc4c(c3)OCO4)C[C@@]21C,430.54400000000015
XDZKBRJLTGRPSS-BGZQYGJUSA-N,CO/N=C(\C(=O)N[C@@H]1C(=O)N2C(C(=O)O)=C(CSc3nc(C)c(CC(=O)O)s3)CS[C@H]12)c1csc(N)n1,584.683
HRDUUSCYRPOMSO-ROUUACIJSA-N,N=C(N)NCCC[C@H](N)C(=O)NCCCN1CCN(CCCNC(=O)[C@@H](N)CCCNC(=N)N)CC1,512.7080000000004
RETIMRUQNCDCQB-UHFFFAOYSA-N,Cc1cccc(C)c1NC(=O)C1CCCCN1C.Cl,282.81499999999994
BDXJYAAYLZTLEK-UHFFFAOYSA-N,O=C(O)c1cccc(CN2CN(C3CCCCC3)C3(CCN(CCCC(=O)c4ccccc4)CC3)C2=O)c1,517.6700000000004
WREGKURFCTUGRC-POYBYMJQSA-N,Nc1ccn([C@H]2CC[C@@H](CO)O2)c(=O)n1,211.22099999999998
QAMYWGZHLCQOOJ-WRNBYXCMSA-N,C=C1C[C@@H]2CC[C@@]34C[C@H]5O[C@H]6[C@@H](O3)[C@H]3O[C@H](CC[C@@H]3O[C@H]6[C@H]5O4)CC(=O)C[C@@H]3[C@@H](OC)[C@@H](C[C@H](O)CN)O[C@H]3C[C@H]3O[C@@H](CC[C@@H]1O2)C[C@@H](C)C3=C.CS(=O)(=O)O,826.015
FKNQFGJONOIPTF-UHFFFAOYSA-N,[Na+],22.99
PGZUMBJQJWIWGJ-ONAKXNSWSA-N,CCOC(=O)C1=C[C@@H](OC(CC)CC)[C@H](NC(C)=O)[C@@H](N)C1.O=P(O)(O)O,410.40400000000005
CMLVKUWQFZQPPS-YUNKPMOVSA-N,C[C@H]1CN(C(=O)CC[C@@]2(C3CC3)NC(=O)NC2=O)CCN1c1cc(F)cc(F)c1,406.4330000000001
LIENCHBZNNMNKG-OJFNHCPVSA-N,CC(C)(C)[C@H](NC(=O)C(F)(F)F)C(=O)N1C[C@H]2[C@@H]([C@H]1C(=O)N[C@H](C#N)C[C@@H]1CCNC1=O)C2(C)C,499.5340000000003
NOFOWWRHEPHDCY-DAUURJMHSA-N,CC[C@@H](CO)NC(=O)[C@@H]1C=C2c3cccc4[nH]cc(c34)C[C@H]2N(C)C1.O=C(O)/C=C\C(=O)O,455.5110000000003
QQDRLKRHJOAQDC-FBHGDYMESA-N,CS(=O)(=O)O.CS(=O)(=O)O.Cc1ccc(C(=O)OCc2ccc([C@@H](CN)C(=O)Nc3ccc4cnccc4c3)cc2)c(C)c1,645.7560000000003
LKAJKIOFIWVMDJ-IYRCEVNGSA-N,C[C@]12Cc3c[nH]nc3C[C@@H]1CC[C@@H]1[C@@H]2CC[C@@]2(C)[C@H]1CC[C@]2(C)O,328.5000000000001
FOCVUCIESVLUNU-UHFFFAOYSA-N,S=P(N1CC1)(N1CC1)N1CC1,189.22399999999996
RONZAEMNMFQXRA-UHFFFAOYSA-N,CN1CCN2c3ncccc3Cc3ccccc3C2C1,265.36
XPSQPHWEGNHMSK-SECBINFHSA-N,CN[C@@H]1CCc2[nH]c3ccc(C(N)=O)cc3c2C1,243.30999999999997
ODUOJXZPIYUATO-UHFFFAOYSA-N,CC(=O)SCC(Cc1ccccc1)C(=O)NCC(=O)OCc1ccccc1,385.4850000000002
AKUJBENLRBOFTD-RPRRAYFGSA-N,CC(=O)OCC(=O)[C@@]1(O)[C@H](C)C[C@H]2[C@@H]3CCC4=CC(=O)C=C[C@]4(C)[C@@]3(F)[C@@H](O)C[C@@]21C,434.5040000000002
PJDFLNIOAUIZSL-UHFFFAOYSA-N,C=CC(N)CCC(=O)O,129.159
BPNZYADGDZPRTK-MAEUFBSDSA-N,C/C(=N\O)C(C)NCC(C)(C)CNC(C)/C(C)=N/O,272.393
FKNQFGJONOIPTF-UHFFFAOYSA-N,[Na+],22.99
CYXKNKQEMFBLER-UHFFFAOYSA-N,C1CCC(C(CC2CCCCN2)C2CCCCC2)CC1,277.496
OMZCMEYTWSXEPZ-UHFFFAOYSA-N,C=CC(=O)Nc1cc2c(Nc3ccc(F)c(Cl)c3)ncnc2cc1OCCCN1CCOCC1,485.9470000000004
FKNQFGJONOIPTF-UHFFFAOYSA-N,[Na+],22.99
BXSZILNGNMDGSL-UHFFFAOYSA-N,O=C(O)c1ccc(-c2ccc3cc(O)ccc3n2)c(Cl)c1,299.71299999999997
RFGUWOCFYCYEDM-ZOMNBDOOSA-N,COc1ccc2c(O[C@@H]3C[C@H]4C(=O)N[C@]5(P(=O)(O)Cc6c(F)cccc6F)C[C@H]5CCCCCCC[C@H](NC(=O)OC5CCCC5)C(=O)N4C3)cc(-c3csc(NC(C)C)n3)nc2c1Cl,957.4779999999996
RNGHAJVBYQPLAZ-UHFFFAOYSA-N,CC(CC(c1ccccc1)c1ccccc1)NC(C)(C)C.Cl,317.90400000000005
JVBGZFRPTRKSBB-MJBQOYBXSA-N,COCC(=O)[C@@]1(OC(C)=O)CC[C@H]2[C@@H]3CCC4=CC(=O)CCC4=C3[C@@H](c3ccc(N(C)C)cc3)C[C@@]21C,505.6550000000003
MNQDKWZEUULFPX-UHFFFAOYSA-M,CCN1/C(=C/C=C/C=C/c2sc3ccccc3[n+]2CC)Sc2ccccc21.[I-],518.489
XFCLJVABOIYOMF-QPLCGJKRSA-N,CN(C)CCOc1ccc(/C(=C(/CCCl)c2ccccc2)c2ccccc2)cc1,405.969
PRAAPINBUWJLGA-UHFFFAOYSA-N,O=C(Cc1cccc(OC(F)(F)F)c1)Nc1ccc(CCCCc2nnc(NC(=O)Cc3ccccn3)s2)nn1,571.5850000000003
QCZAWDGAVJMPTA-RNFRBKRXSA-N,C[C@@H](Nc1nc(N[C@H](C)C(F)(F)F)nc(-c2cccc(Cl)n2)n1)C(F)(F)F,414.741
KJONHKAYOJNZEC-UHFFFAOYSA-N,O=C1CN=C(c2ccccc2)c2cc([N+](=O)[O-])ccc2N1,281.27099999999996
ORQGHAJIWGGFJK-UHFFFAOYSA-N,O=C(O)Cc1nn(Cc2nc3cc(C(F)(F)F)ccc3s2)c(=O)c2cscc12,425.4130000000001
IEXUMDBQLIVNHZ-YOUGDJEHSA-N,CN(C)c1ccc([C@H]2C[C@]3(C)[C@@H](CC[C@]3(O)CCCO)[C@@H]3CCC4=CC(=O)CCC4=C32)cc1,449.6350000000003
FKNQFGJONOIPTF-UHFFFAOYSA-N,[Na+],22.99
YDSDEBIZUNNPOB-UHFFFAOYSA-N,CCC(=O)N(c1ccccc1)C1(C(=O)OC)CCN(CCc2ccccc2)CC1,394.51500000000016
VEQOALNAAJBPNY-UHFFFAOYSA-N,Cc1cc(=O)n(-c2ccccc2)n1C,188.23000000000002
ZNNLBTZKUZBEKO-UHFFFAOYSA-N,COc1ccc(Cl)cc1C(=O)NCCc1ccc(S(=O)(=O)NC(=O)NC2CCCCC2)cc1,494.0130000000003
HYFHYPWGAURHIV-JFIAXGOJSA-N,COC(=O)C[C@](O)(CCCC(C)(C)O)C(=O)O[C@@H]1C(OC)=C[C@]23CCCN2CCc2cc4c(cc2[C@H]13)OCO4,545.6290000000004
JXSJBGJIGXNWCI-UHFFFAOYSA-N,CCOC(=O)CC(SP(=S)(OC)OC)C(=O)OCC,330.3640000000001
HHPSICLSNHCSNZ-BYEGLACWSA-N,CN1CCN(CCCCN2C(=O)CN(/N=C/c3ccc(-c4ccc(Cl)cc4)o3)C2=O)CC1.Cl.Cl,530.8840000000004
TZSZZENYCISATO-WIOPSUGQSA-N,CCOC(=O)[C@@H]1CC2(CCN(c3cc(O[C@H](c4ccc(Cl)cc4-c4ccccc4)C(F)(F)F)nc(N)n3)CC2)CN1,590.0459999999997
KPWYNAGOBXLMSE-UHFFFAOYSA-N,CCCc1c(SCCCOc2ccc(C(C)=O)c(OCCCC(=O)O)c2CCC)ccc(C(C)=O)c1O,530.6830000000004
DWQVYDLTPMGYNE-DEOSSOPVSA-N,CCCc1c(OCc2ccc([C@H](O)c3cccc(C(=O)O)c3)cc2)ccc(C(C)=O)c1O,434.48800000000017
KVWNWTZZBKCOPM-UHFFFAOYSA-M,CC[N+](C)(C)Cc1ccccc1Br.Cc1ccc(S(=O)(=O)[O-])cc1,414.3650000000001
BRBKOPJOKNSWSG-UHFFFAOYSA-N,N=C(N)NS(=O)(=O)c1ccc(N)cc1,214.25
RJFAYQIBOAGBLC-BYPYZUCNSA-N,C[Se]CC[C@H](N)C(=O)O,196.108
PRSNGWLHNWGOKD-CQSZACIVSA-N,CCOc1cc([C@@H](CS(C)(=O)=O)N2C(=O)c3csc(NC(C)=O)c3C2=O)ccc1OC,466.5370000000002
CWEFDWIKLABKBX-UHFFFAOYSA-N,O=C(O)c1ccc(S(=O)(=O)N(Cc2ccc(OC(F)(F)F)cc2)c2ncc3ccccc3c2C2CC2)cc1,542.5350000000001
NHANOMFABJQAAH-UHFFFAOYSA-N,CN(C)C(=O)c1cc2cnc(Nc3ccc(N4CCNCC4)cn3)nc2n1C1CCCC1.O=C(O)CCC(=O)O,552.6360000000004
WCDDVEOXEIYWFB-VXORFPGASA-N,CC(=O)N[C@@H]1C[C@H](O)[C@@H](CO)O[C@H]1O[C@H]1[C@H](O)[C@@H](O)[C@H](O)O[C@@H]1C(=O)O,381.33400000000006
GCKFUYQCUCGESZ-BPIQYHPVSA-N,C#C[C@]1(O)CC[C@H]2[C@@H]3CCC4=CC(=O)CC[C@@H]4[C@H]3C(=C)C[C@@]21CC,324.4640000000001
CTETYYAZBPJBHE-UHFFFAOYSA-N,Clc1cc(Cl)c(OCC#CI)cc1Cl,361.39300000000003
RVEWUBJVAHOGKA-WOYAITHZSA-N,N=C(N)NCCC[C@H](N)C(=O)O.N[C@@H](CCC(=O)O)C(=O)O,321.33400000000006
KWTWDQCKEHXFFR-SMDDNHRTSA-N,CC[C@@H](c1cccc(O)c1)[C@@H](C)CN(C)C,221.34399999999997
ISBHYKVAFKTATD-SNVBAGLBSA-N,CN[C@@H]1CCN(c2cc(NCC3CC3)nc(N)n2)C1,262.361
MBUVEWMHONZEQD-UHFFFAOYSA-N,CN1CCCC(n2nc(Cc3ccc(Cl)cc3)c3ccccc3c2=O)CC1,381.9070000000002
PFTAWBLQPZVEMU-DZGCQCFKSA-N,Oc1cc(O)c2c(c1)O[C@H](c1ccc(O)c(O)c1)[C@@H](O)C2,290.271
FKNQFGJONOIPTF-UHFFFAOYSA-N,[Na+],22.99
JFJZZMVDLULRGK-URLMMPGGSA-O,COc1cc2c3cc1Oc1cc(ccc1O)C[C@@H]1c4c(cc(OC)c(O)c4Oc4ccc(cc4)C[C@@H]3N(C)CC2)CC[N+]1(C)C,609.7429999999999
YXSLJKQTIDHPOT-UHFFFAOYSA-N,COc1ccc(CC2c3cc(OC)c(OC)cc3CC[N+]2(C)CCC(=O)OCCCCCOC(=O)CC[N+]2(C)CCc3cc(OC)c(OC)cc3C2Cc2ccc(OC)c(OC)c2)cc1OC,929.161
SJDACOMXKWHBOW-UHFFFAOYSA-N,O=C1Nc2ccccc2C1(c1ccc(O)cc1)c1ccc(O)cc1,317.344
RFUBTTPMWSKEIW-UHFFFAOYSA-N,COC(=O)N1CCN(Cc2cccc(NC(=O)Nc3ccc(C)nc3)c2F)CC1,401.44200000000023
SNUDIPVBUUXCDG-QHSBEEBCSA-N,C[C@@H](O)[C@H]1C(=O)N2C(C(=O)OCOC(=O)C(C)(C)C)=C(SC3CN(C4=NCCS4)C3)[C@H](C)[C@H]12,497.63900000000024
FKNQFGJONOIPTF-UHFFFAOYSA-N,[Na+],22.99
YNZFUWZUGRBMHL-UHFFFAOYSA-N,OCCN1CCN(CCCN2c3ccccc3C=Cc3ccccc32)CC1,363.50500000000017
CIWBQSYVNNPZIQ-XYWKZLDCSA-N,CCC(=O)OCC(=O)[C@@]1(OC(=O)CC)[C@@H](C)C[C@H]2[C@@H]3CCC4=CC(=O)C=C[C@]4(C)[C@@]3(F)[C@@H](O)C[C@@]21C,504.5950000000003
PMDQGYMGQKTCSX-HQROKSDRSA-L,CC(C)CN(C[C@@H](OP(=O)([O-])[O-])[C@H](Cc1ccccc1)NC(=O)O[C@H]1CCOC1)S(=O)(=O)c1ccc(N)cc1.[Ca+2],623.6780000000001
XTLZVNMZICNQBB-UHFFFAOYSA-N,CCCCCCCCCCCCOS(=O)(=O)O.CCCCCCCCc1ccc(CCC(N)(CO)CO)cc1,573.8810000000005
YIAYMVFAILDILU-VSODYHHCSA-N,CC(N)Cc1ccccc1.C[C@H](N)Cc1ccccc1.C[C@H](N)Cc1ccccc1.NC(CC(=O)O)C(=O)O.O=S(=O)(O)O,636.8120000000005
LTSZWQVAHDFPNW-PRMCSTHUSA-N,COC(=O)N[C@H](C(=O)N1CCC[C@H]1c1nc(-c2ccc3c(c2)O[C@@H](c2cnc(C4CC4)s2)n2c-3cc3cc(-c4c[nH]c([C@@H]5CCCN5C(=O)[C@@H](NC(=O)OC)C(C)C)n4)ccc32)c[nH]1)C(C)C,929.1169999999996
MBQYQLWSBRANKQ-IMTBSYHQSA-N,Clc1cc(N2C[C@@H]3CN[C@@H]3C2)cnc1Cl,244.125
PBHFNBQPZCRWQP-AZUAARDMSA-N,CN1CC[C@]2(C)c3cc(OC(=O)Nc4ccccc4)ccc3N(C)[C@H]12,337.42300000000006
WIKYUJGCLQQFNW-UHFFFAOYSA-N,CN1CCN(CCCN2c3ccccc3Sc3ccc(Cl)cc32)CC1,373.95300000000015
KRCQSTCYZUOBHN-UHFFFAOYSA-N,COCCCOc1ccnc(C[S+]([O-])c2nc3ccccc3[n-]2)c1C.[Na+],381.43300000000005
ZPMVNZLARAEGHB-UHFFFAOYSA-N,CN1CCC(=C2c3ccccc3C=Cc3ccccc32)CC1.Cl,323.86700000000013
YCOYDOIWSSHVCK-UHFFFAOYSA-N,Clc1ccc(Nc2nnc(Cc3ccncc3)c3ccccc23)cc1,346.8210000000001
IPOKCKJONYRRHP-FMQUCBEESA-N,O=C(O)CCNC(=O)c1ccc(/N=N/c2ccc(O)c(C(=O)O)c2)cc1,357.3220000000001
LNXDUSQEXVQFGP-UHFFFAOYSA-N,O=C(CN1CCOCC1)Nc1ccc(OC2CCN(C3CCC3)CC2)cc1,373.4970000000002
BLGWHBSBBJNKJO-UHFFFAOYSA-N,Nc1nc2cc(-c3ccc4ncc(C(=O)N5CCOCC5)n4c3)ccc2o1,363.37700000000007
NBMKJKDGKREAPL-DVTGEIKXSA-N,C[C@H]1C[C@H]2[C@@H]3CCC4=CC(=O)C=C[C@]4(C)[C@@]3(Cl)[C@@H](O)C[C@]2(C)[C@@]1(O)C(=O)CO,408.9220000000002
MCECSFFXUPEPDB-UHFFFAOYSA-N,CC(C)c1cc2[nH]c(=O)n(NS(C)(=O)=O)c(=O)c2cc1-c1ccnn1C,377.4260000000001
PIPAJLPNWZMYQA-KNCRFDSUSA-N,C[N+]1(C)[C@@H]2CC[C@H]1C[C@@H](OC(=O)C(CO)c1ccccc1)C2,304.41
ZGUGWUXLJSTTMA-UHFFFAOYSA-N,CN(C)CCCN1c2ccccc2Sc2ccccc21,284.42800000000005
QADPYRIHXKWUSV-UHFFFAOYSA-N,CCN1CCN(c2ccc(Nc3cc(N(C)C(=O)Nc4c(Cl)c(OC)cc(OC)c4Cl)ncn3)cc2)CC1,560.4860000000001
AMTQCENHQIDBHQ-UHFFFAOYSA-N,COc1cc(C)c(S(=O)(=O)N(C)CCOCC(=O)N(C)Cc2ccc(C3=NCCN3)cc2)c(C)c1,502.6370000000003
UHDGCWIWMRVCDJ-XVFCMESISA-N,Nc1ccn([C@@H]2O[C@H](CO)[C@@H](O)[C@H]2O)c(=O)n1,243.21900000000002
INJOMKTZOLKMBF-UHFFFAOYSA-N,N=C(N)NC(=O)Cc1c(Cl)cccc1Cl,246.097
PAEBIVWUMLRPSK-IDTAVKCVSA-N,CSCCNc1nc(SCCC(F)(F)F)nc2c1ncn2[C@@H]1O[C@H](COP(=O)(O)OP(=O)(O)C(Cl)(Cl)P(=O)(O)O)[C@@H](O)[C@H]1O,776.3660000000006
JYIKNQVWKBUSNH-OGZDCFRISA-N,CCC(C)CC(C)CCCCCCCCC(=O)N[C@H]1C[C@@H](O)[C@@H](NCCN)NC(=O)[C@@H]2[C@@H](O)CCN2C(=O)[C@H]([C@H](O)CCN)NC(=O)[C@H]([C@H](O)[C@@H](O)c2ccc(O)cc2)NC(=O)[C@@H]2C[C@@H](O)CN2C(=O)[C@H]([C@@H](C)O)NC1=O,1093.3310000000001
CPLXHLVBOLITMK-UHFFFAOYSA-N,O=[Mg],40.304
VWFCHDSQECPREK-LURJTMIESA-N,Nc1ccn(C[C@@H](CO)OCP(=O)(O)O)c(=O)n1,279.18899999999996
KXMZDGSRSGHMMK-VWLOTQADSA-N,Nc1nc(Nc2ccc3c(c2)CC[C@@H](N2CCCC2)CC3)nn1-c1cc2c(nn1)-c1ccccc1CCC2,506.6580000000003
AHNIKTNNZJNCFN-UHFFFAOYSA-N,CCc1c(CC)c2cc3nc(cnc4cc(OCCOCCOCCOC)c(OCCOCCOCCOC)cc4ncc4nc(cc1[nH]2)C(CCCO)=C4C)C(C)=C3CCCO,874.0889999999997
ZCJYUTQZBAIHBS-UHFFFAOYSA-N,Clc1ccc(C(Cn2ccnc2)OCc2ccc(Sc3ccccc3)cc2)c(Cl)c1,455.4100000000001
YJCZPJQGFSSFOL-MNZPCBJKSA-N,CCN1[C@@H](C(=O)NC23CCC(C(=O)O)(CC2)CC3)[C@H](c2cccc(Cl)c2F)[C@]2(C(=O)Nc3cc(Cl)ccc32)C12CCCCC2,642.5989999999997
ORXQGKIUCDPEAJ-YRNVUSSQSA-N,COc1cc(O)c(CC=C(C)C)c(O)c1C(=O)/C=C/c1ccc(O)cc1,354.40200000000004
WOFMFGQZHJDGCX-ZULDAHANSA-N,C[C@@H]1C[C@H]2[C@@H]3CCC4=CC(=O)C=C[C@]4(C)[C@@]3(Cl)[C@@H](O)C[C@]2(C)[C@@]1(OC(=O)c1ccco1)C(=O)CCl,521.4370000000004
IDPUKCWIGUEADI-UHFFFAOYSA-N,Oc1ncc(N(CCCl)CCCl)c(O)n1,252.101
QYQDKDWGWDOFFU-IUODEOHRSA-N,CN(C)CCn1nnnc1SCC1=C(C(=O)O)N2C(=O)[C@@H](NC(=O)Cc3csc(N)n3)[C@H]2SC1,525.6420000000002
RSHAOIXHUHAZPM-UHFFFAOYSA-N,[MgH2],26.320999999999998
GBBSUAFBMRNDJC-INIZCTEOSA-N,CN1CCN(C(=O)O[C@H]2c3nccnc3C(=O)N2c2ccc(Cl)cn2)CC1,388.8150000000001
RKZSNTNMEFVBDT-MRVPVSSYSA-N,CN[C@@H]1Cc2cccc3[nH]c(=O)n(c23)C1,203.24499999999995
YLMGFJXSLBMXHK-UHFFFAOYSA-M,[K+].[O-][Cl+3]([O-])([O-])[O-],138.547
KPJZHOPZRAFDTN-NQUBZZJWSA-N,CCC(CO)NC(=O)[C@@H]1C=C2c3cccc4c3c(cn4C)C[C@H]2N(C)C1,353.4660000000001
LQOCSNZFBLPUID-UHFFFAOYSA-L,CCC1(C2=CCCCC2)C(=O)[N-]C(=O)NC1=O.CCC1(C2=CCCCC2)C(=O)[N-]C(=O)NC1=O.[Ca+2],510.6040000000004
BUVGWDNTAWHSKI-UHFFFAOYSA-L,CC(=O)NCCCS(=O)(=O)[O-].CC(=O)NCCCS(=O)(=O)[O-].[Ca+2],400.48800000000017
DREIJXJRTLTGJC-ZLBJMMTISA-N,NC(=O)c1cnc2[nH]ccc2c1N[C@@H]1[C@@H]2CC3C[C@H]1C[C@@](O)(C3)C2,326.40000000000015
TTZHDVOVKQGIBA-IQWMDFIBSA-N,CC(C)OC(=O)[C@H](C)N[P@](=O)(OC[C@H]1O[C@@H](n2ccc(=O)[nH]c2=O)[C@](C)(F)[C@@H]1O)Oc1ccccc1,529.4580000000002
